Год,Месяц_текст,Название должности,Уровень позиции,Формат работы,Ключевые навыки,Город,Зарплата
2025,Март,архитектор,middle,офис,"['1С', 'SQL']",Мир,465000
2025,Март,разработчик,lead,гибрид,"['1С', 'ЗУП', 'БП', 'СКД']",Москва,250000
2025,Март,разработчик,middle,офис,"['1С', 'SQL', 'ERP', 'УПП', 'ЗУП']",Москва,375000
2025,Март,разработчик,middle,гибрид,"['1С', 'ЗУП']",Мир,262000
2025,Март,руководитель,lead,офис,"['1С', 'Python', 'ERP', 'УТ']",Воронеж,250000
2025,Март,аналитик,middle,удаленно,"['1С', 'ERP']",Москва,245000
2025,Март,консультант,senior,удаленно,"['1С', 'ERP']",Россия,188000
2025,Март,разработчик,senior,гибрид,"['1С', 'ЗУП']",Москва,220000
2025,Март,разработчик,lead,гибрид,"['1С', 'ERP']",Россия,350000
2025,Март,аналитик,lead,удаленно,"['1С', 'ERP']",Россия,350000
2025,Март,разработчик,lead,офис,"['1С', 'ERP', 'ЗУП']",Москва,275000
2025,Март,программист,lead,удаленно,"['1С', 'ERP']",Россия,262000
2025,Март,аналитик,manager,офис,"['1С', 'ERP']",Россия,562000
2025,Март,разработчик,middle,удаленно,['1С'],Мир,248000
2024,Июнь,программист,senior,удаленно,"['1С', 'ERP', 'УПП', 'ЗУП', 'УТ', 'СКД']",Москва,276000
2024,Июнь,архитектор,lead,офис,"['1С', 'ERP']",Москва,63000
2024,Июнь,разработчик,lead,удаленно,"['1С', 'ERP', 'ЗУП', 'БП', 'УТ', 'СКД']",Россия,350000
2024,Июнь,консультант,middle,удаленно,"['1С', 'ERP']",Россия,260000
2024,Июнь,разработчик,middle,удаленно,"['1С', 'ERP']",Россия,250000
2024,Июнь,консультант,senior,удаленно,"['1С', 'ERP']",Мир,275000
2024,Июнь,руководитель,lead,удаленно,"['1С', 'ERP', 'ЗУП', 'УТ']",Краснодар,325000
2024,Июнь,архитектор,lead,удаленно,"['1С', 'ЗУП']",Россия,438000
2024,Июнь,разработчик,lead,гибрид,['1С'],Мир,314000
2024,Июнь,программист,lead,удаленно,['1С'],Россия,375000
2024,Июнь,аналитик,lead,гибрид,"['1С', 'ERP']",Москва,276000
2024,Июнь,разработчик,senior,удаленно,"['1С', 'СКД']",Москва,262000
2024,Май,разработчик,middle,удаленно,"['1С', 'ЗУП', 'БП', 'СКД']",Мир,276000
2024,Май,специалист,middle,гибрид,"['1С', 'БП', 'УТ', 'СКД']",Москва,314000
2024,Май,аналитик,lead,удаленно,['1С'],Россия,235000
2024,Май,аналитик,lead,удаленно,"['1С', 'ERP', 'УПП']",Россия,225000
2024,Май,разработчик,lead,удаленно,['1С'],Россия,271000
2024,Май,разработчик,middle,удаленно,"['1С', 'REST API']",Москва,338000
2024,Май,разработчик,middle,гибрид,['1С'],Москва,375000
2024,Май,аналитик,middle,удаленно,"['1С', 'ERP']",Москва,262000
2024,Май,архитектор,middle,гибрид,"['1С', 'ERP']",Москва,305000
2024,Май,аналитик,manager,гибрид,['1С'],Россия,238000
2024,Май,разработчик,lead,гибрид,"['1С', 'ERP']",Москва,184000
2024,Май,эксперт,lead,удаленно,['1С'],Россия,488000
2024,Май,аналитик,middle,гибрид,"['1С', 'ERP']",Москва,314000
2024,Май,программист,lead,гибкий,"['1С', 'ERP']",Россия,250000
2024,Май,архитектор,lead,удаленно,"['1С', 'ERP']",Мир,500000
2024,Май,руководитель,manager,офис,"['1С', 'ERP']",Москва,375000
2024,Май,аналитик,senior,удаленно,"['1С', 'ERP']",Россия,314000
2024,Май,архитектор,lead,гибрид,['1С'],Россия,375000
2024,Май,программист,lead,гибрид,"['1С', 'УТ']",Октябрьский,235000
2024,Май,архитектор,lead,гибрид,"['1С', 'ERP', 'УПП']",Москва,305000
2024,Май,разработчик,lead,удаленно,"['1С', 'ERP']",Москва,250000
2024,Май,аналитик,middle,гибрид,['1С'],Москва,228000
2024,Май,аналитик,senior,удаленно,"['1С', 'ЗУП']",Мир,276000
2024,Май,программист,senior,удаленно,"['1С', 'ERP']",Москва,285000
2024,Май,архитектор,senior,удаленно,"['1С', 'ERP']",Россия,375000
2024,Май,аналитик,senior,гибрид,"['1С', 'ЗУП']",Москва,230000
2024,Май,разработчик,middle,удаленно,['1С'],Мир,276000
2024,Май,разработчик,middle,гибрид,"['1С', 'ЗУП']",Россия,325000
2024,Май,аналитик,middle,удаленно,"['1С', 'ERP', 'ЗУП']",Россия,314000
2024,Май,разработчик,lead,гибрид,"['1С', 'ЗУП']",Московский,280000
2024,Апрель,архитектор,lead,удаленно,['1С'],Россия,488000
2024,Апрель,программист,lead,удаленно,"['1С', 'SQL', 'XML', 'JSON']",Москва,262000
2024,Апрель,консультант,middle,удаленно,"['1С', 'ERP']",Мир,289000
2024,Апрель,аналитик,middle,удаленно,"['1С', 'ERP', 'ЗУП', 'БП', 'УТ']",Мир,275000
2024,Апрель,разработчик,lead,удаленно,['1С'],Россия,250000
2024,Апрель,программист,senior,гибкий,"['1С', 'УТ']",Москва,260000
2024,Апрель,разработчик,lead,удаленно,"['1С', 'УПП', 'УТ', 'СКД']",Москва,223000
2024,Апрель,разработчик,manager,гибрид,"['1С', 'ERP', 'ЗУП', 'БП']",Москва,375000
2024,Апрель,аналитик,lead,гибрид,"['1С', 'ERP']",Москва,306000
2024,Апрель,аналитик,lead,удаленно,"['1С', 'ERP']",Россия,236000
2024,Апрель,аналитик,middle,удаленно,"['1С', 'ERP', 'БП']",Москва,306000
2024,Апрель,аналитик,middle,удаленно,"['1С', 'ERP', 'БП']",Россия,306000
2024,Апрель,аналитик,middle,удаленно,"['1С', 'ERP', 'УТ']",Мир,350000
2024,Апрель,руководитель,middle,офис,['1С'],Мир,225000
2024,Апрель,разработчик,lead,гибрид,"['1С', 'УТ']",Москва,388000
2024,Апрель,разработчик,middle,удаленно,"['1С', 'ERP', 'ЗУП', 'БП', 'СКД', 'REST API', 'SOAP']",Москва,188000
2024,Апрель,аналитик,middle,гибрид,"['1С', 'ERP']",Россия,314000
2024,Апрель,программист,manager,удаленно,['1С'],Россия,245000
2024,Апрель,консультант,lead,удаленно,"['1С', 'ERP']",Краснодар,338000
2024,Апрель,программист,manager,удаленно,"['1С', 'ERP', 'УТ', 'СКД']",Россия,230000
2024,Апрель,руководитель,middle,удаленно,['1С'],Москва,300000
2024,Март,архитектор,lead,удаленно,"['1С', 'ERP']",Москва,375000
2024,Март,аналитик,senior,удаленно,['1С'],Москва,306000
2024,Март,программист,lead,удаленно,"['1С', 'ЗУП', 'СКД']",Россия,245000
2024,Март,разработчик,middle,гибрид,"['1С', 'УТ']",Россия,265000
2024,Март,разработчик,middle,гибрид,"['1С', 'СКД']",Москва,275000
2024,Март,аналитик,lead,удаленно,"['1С', 'ERP']",Мир,245000
2024,Март,аналитик,senior,удаленно,['1С'],Мир,289000
2024,Март,аналитик,senior,гибрид,"['1С', 'ERP', 'УТ']",Москва,275000
2024,Март,консультант,senior,удаленно,"['1С', 'SQL', 'ERP']",Мир,315000
2024,Март,аналитик,lead,гибрид,"['1С', 'ERP']",Воронеж,314000
2024,Март,программист,lead,удаленно,"['1С', 'ERP', 'БП', 'СКД']",Россия,262000
2024,Март,программист,lead,гибрид,"['1С', 'ERP', 'УТ']",Россия,262000
2024,Март,аналитик,lead,гибрид,"['1С', 'ERP']",Мир,275000
2024,Март,консультант,senior,удаленно,"['1С', 'ЗУП', 'БП']",Россия,260000
2024,Март,разработчик,senior,удаленно,"['1С', 'УТ']",Мир,175000
2024,Февраль,разработчик,lead,удаленно,"['1С', 'ERP']",Мир,290000
2024,Февраль,эксперт,lead,удаленно,"['1С', 'SQL']",Калининград,270000
2024,Февраль,архитектор,lead,гибрид,"['1С', 'ERP']",Мир,312000
2024,Февраль,разработчик,middle,удаленно,"['1С', 'ERP', 'СКД']",Россия,225000
2024,Февраль,программист,middle,гибрид,"['1С', 'ERP', 'УПП', 'СКД']",Подольск,275000
2024,Февраль,архитектор,middle,удаленно,"['1С', 'ERP']",Мир,375000
2024,Февраль,разработчик,senior,удаленно,"['1С', 'СКД', 'SOAP']",Мир,260000
2024,Февраль,разработчик,lead,гибрид,['1С'],Москва,314000
2024,Февраль,программист,middle,удаленно,"['1С', 'ERP', 'УТ']",Москва,255000
2024,Февраль,аналитик,middle,гибрид,"['1С', 'ERP', 'УПП', 'ЗУП', 'БП', 'УТ']",Москва,255000
2024,Февраль,аналитик,middle,удаленно,"['1С', 'ERP']",Краснодар,325000
2024,Февраль,аналитик,lead,удаленно,"['1С', 'ERP']",Москва,262000
2024,Февраль,аналитик,lead,удаленно,"['1С', 'ERP']",Мир,338000
2024,Январь,аналитик,middle,удаленно,"['1С', 'БП']",Москва,288000
2024,Январь,программист,middle,удаленно,"['1С', 'ERP', 'УПП', 'ЗУП', 'СКД', 'XML']",Москва,256000
2024,Январь,архитектор,lead,удаленно,"['1С', 'ЗУП']",Россия,312000
2024,Январь,консультант,middle,удаленно,"['1С', 'ЗУП']",Россия,312000
2024,Январь,программист,middle,удаленно,"['1С', 'ERP']",Москва,275000
2024,Январь,консультант,lead,удаленно,"['1С', 'ERP']",Россия,262000
2024,Январь,специалист,middle,удаленно,"['1С', 'ERP']",Россия,245000
2024,Январь,разработчик,middle,удаленно,"['1С', 'ERP', 'СКД']",Мир,262000
2024,Январь,программист,lead,офис,"['1С', 'УТ']",Санкт-Петербург,325000
2024,Январь,аналитик,manager,гибрид,"['1С', 'ERP']",Россия,276000
2024,Январь,программист,middle,офис,"['1С', 'SQL', 'УТ', 'СКД']",Пушкино,240000
2024,Январь,аналитик,middle,гибрид,"['1С', 'ERP']",Москва,275000
2024,Январь,аналитик,middle,гибрид,"['1С', 'ЗУП']",Химки,312000
2024,Январь,архитектор,lead,удаленно,"['1С', 'SQL']",Россия,375000
2024,Январь,архитектор,lead,офис,['1С'],Москва,262000
2024,Январь,разработчик,middle,гибрид,"['1С', 'SQL', 'XML', 'JSON']",Россия,260000
2023,Декабрь,аналитик,middle,удаленно,"['1С', 'ERP']",Россия,265000
2023,Декабрь,разработчик,middle,гибрид,"['1С', 'ERP', 'УПП', 'ЗУП', 'УТ']",Чайковский,262000
2023,Декабрь,аналитик,manager,удаленно,"['1С', 'ERP']",Россия,228000
2023,Декабрь,аналитик,lead,гибрид,"['1С', 'XML', 'JSON']",Москва,319000
2023,Декабрь,разработчик,middle,удаленно,"['1С', 'ERP', 'УПП']",Обнинск,276000
2023,Декабрь,архитектор,middle,гибрид,"['1С', 'ERP']",Москва,350000
2023,Декабрь,аналитик,senior,удаленно,"['1С', 'ERP']",Рязань,262000
2023,Декабрь,разработчик,lead,удаленно,"['1С', 'УТ']",Россия,250000
2023,Декабрь,разработчик,lead,офис,"['1С', 'ЗУП', 'УТ']",Мир,275000
2023,Декабрь,программист,lead,удаленно,['1С'],Московский,262000
2023,Декабрь,архитектор,manager,удаленно,['1С'],Москва,350000
2023,Ноябрь,разработчик,middle,гибрид,"['1С', 'ЗУП', 'СКД', 'XML', 'JSON']",Россия,312000
2023,Ноябрь,разработчик,middle,офис,"['1С', 'СКД', 'XML']",Мир,220000
2023,Ноябрь,аналитик,middle,удаленно,"['1С', 'ERP']",Краснодар,312000
2023,Ноябрь,разработчик,middle,удаленно,['1С'],Россия,200000
2023,Ноябрь,разработчик,middle,удаленно,"['1С', 'ERP', 'ЗУП', 'УТ']",Москва,251000
2023,Ноябрь,консультант,manager,удаленно,"['1С', 'УТ']",Химки,219000
2023,Ноябрь,консультант,middle,удаленно,"['1С', 'ERP']",Москва,206000
2023,Ноябрь,программист,middle,гибрид,"['1С', 'ERP']",Ульяновск,215000
2023,Ноябрь,разработчик,middle,гибрид,"['1С', 'SQL', 'ЗУП']",Россия,230000
2023,Ноябрь,разработчик,middle,удаленно,['1С'],Москва,245000
2023,Ноябрь,аналитик,lead,офис,"['1С', 'ЗУП']",Россия,312000
2023,Ноябрь,архитектор,junior,удаленно,['1С'],Москва,267000
2023,Ноябрь,специалист,middle,удаленно,"['1С', 'ERP']",Россия,235000
2023,Ноябрь,архитектор,middle,удаленно,['1С'],Москва,276000
2023,Ноябрь,руководитель,manager,гибрид,"['1С', 'ERP', 'ЗУП']",Москва,400000
2023,Ноябрь,архитектор,middle,удаленно,"['1С', 'ЗУП']",Москва,306000
2023,Ноябрь,разработчик,lead,удаленно,['1С'],Москва,375000
2023,Ноябрь,разработчик,lead,гибрид,"['1С', 'SOAP']",Химки,262000
2023,Ноябрь,программист,senior,гибрид,"['1С', 'XML', 'JSON']",Новосибирск,215000
2023,Ноябрь,программист,middle,удаленно,"['1С', 'ERP', 'УТ']",Россия,251000
2023,Ноябрь,разработчик,middle,гибкий,"['1С', 'ERP']",Москва,250000
2023,Ноябрь,разработчик,manager,гибрид,"['1С', 'СКД']",Сочи,251000
2023,Ноябрь,аналитик,manager,гибрид,['1С'],Москва,219000
2023,Ноябрь,разработчик,middle,удаленно,"['1С', 'ЗУП', 'БП', 'УТ']",Тольятти,219000
2023,Ноябрь,тестировщик,middle,удаленно,['1С'],Россия,188000
2023,Ноябрь,консультант,middle,удаленно,"['1С', 'ERP']",Россия,245000
2023,Ноябрь,консультант,middle,удаленно,"['1С', 'ERP']",Мир,245000
2023,Ноябрь,разработчик,lead,удаленно,"['1С', 'ЗУП', 'СКД']",Россия,201000
2023,Ноябрь,программист,lead,гибрид,"['1С', 'ERP', 'УПП', 'ЗУП', 'БП', 'REST API']",Новосибирск,188000
2023,Ноябрь,разработчик,middle,гибрид,"['1С', 'ERP']",Москва,219000
2023,Ноябрь,аналитик,middle,удаленно,['1С'],Мир,262000
2023,Ноябрь,консультант,lead,удаленно,"['1С', 'ЗУП']",Мир,219000
2023,Ноябрь,аналитик,lead,удаленно,['1С'],Россия,184000
2023,Октябрь,программист,manager,удаленно,"['1С', 'СКД']",Россия,201000
2023,Октябрь,тестировщик,manager,удаленно,"['1С', 'ЗУП']",Мир,225000
2023,Октябрь,консультант,manager,гибрид,"['1С', 'ERP']",Россия,192000
2023,Октябрь,архитектор,lead,удаленно,['1С'],Мир,420000
2023,Октябрь,аналитик,lead,гибрид,"['1С', 'ERP']",Москва,288000
2023,Октябрь,разработчик,lead,гибрид,"['1С', 'ERP', 'ЗУП']",Москва,185000
2023,Октябрь,программист,lead,гибрид,"['1С', 'ERP', 'БП', 'УТ', 'СКД']",Россия,192000
2023,Октябрь,архитектор,lead,удаленно,"['1С', 'SQL', 'ERP', 'ЗУП', 'СКД']",Мир,306000
2023,Октябрь,разработчик,manager,удаленно,"['1С', 'ERP', 'ЗУП', 'БП', 'СКД']",Мытищи,325000
2023,Октябрь,программист,middle,удаленно,"['1С', 'ERP', 'ЗУП']",Россия,275000
2023,Октябрь,разработчик,middle,гибрид,"['1С', 'ERP']",Московский,262000
2023,Октябрь,аналитик,lead,гибрид,"['1С', 'ЗУП']",Санкт-Петербург,265000
2023,Октябрь,разработчик,lead,гибрид,"['1С', 'SOAP']",Екатеринбург,251000
2023,Октябрь,аналитик,senior,гибрид,"['1С', 'ERP', 'БП', 'УТ']",Россия,140000
2023,Октябрь,программист,senior,гибрид,"['1С', 'ERP', 'УПП', 'ЗУП']",Россия,251000
2023,Октябрь,аналитик,senior,офис,['1С'],Москва,200000
2023,Октябрь,аналитик,senior,удаленно,"['1С', 'SQL', 'ERP', 'УТ']",Россия,201000
2023,Октябрь,аналитик,middle,гибрид,['1С'],Москва,219000
2023,Октябрь,программист,middle,удаленно,['1С'],Мир,215000
2023,Октябрь,аналитик,lead,удаленно,"['1С', 'ERP']",Москва,188000
2023,Октябрь,специалист,middle,офис,"['1С', 'ERP', 'ЗУП', 'БП', 'СКД']",Москва,225000
2023,Октябрь,аналитик,senior,гибрид,"['1С', 'ERP']",Москва,325000
2023,Октябрь,эксперт,middle,гибрид,['1С'],Мир,375000
2023,Октябрь,аналитик,middle,удаленно,"['1С', 'ERP']",Россия,200000
2023,Октябрь,администратор,lead,удаленно,['1С'],Россия,225000
2023,Октябрь,разработчик,lead,офис,"['1С', 'ЗУП']",Москва,266000
2023,Октябрь,программист,lead,гибрид,"['1С', 'СКД']",Россия,219000
2023,Октябрь,разработчик,middle,удаленно,"['1С', 'ЗУП']",Москва,235000
2023,Октябрь,программист,middle,удаленно,"['1С', 'SQL', 'УПП', 'ЗУП', 'УТ']",Москва,216000
2023,Октябрь,программист,lead,гибрид,"['1С', 'ERP']",Москва,240000
2023,Октябрь,программист,lead,гибрид,"['1С', 'БП', 'УТ', 'СКД']",Москва,225000
2023,Октябрь,специалист,middle,гибрид,"['1С', 'ЗУП', 'БП', 'SOAP']",Россия,350000
2023,Октябрь,консультант,middle,гибрид,['1С'],Москва,256000
2023,Октябрь,разработчик,middle,гибкий,"['1С', 'SQL', 'ЗУП', 'СКД']",Москва,192000
2023,Октябрь,программист,middle,гибрид,"['1С', 'СКД']",Санкт-Петербург,200000
2023,Октябрь,консультант,senior,гибрид,"['1С', 'ERP', 'ЗУП']",Москва,219000
2023,Октябрь,программист,middle,удаленно,"['1С', 'ЗУП', 'XML', 'JSON', 'REST API']",Мир,228000
2023,Октябрь,аналитик,lead,удаленно,"['1С', 'ERP']",Россия,219000
2023,Октябрь,программист,middle,гибрид,['1С'],Мир,338000
2023,Октябрь,аналитик,middle,удаленно,"['1С', 'ERP']",Россия,275000
2023,Октябрь,программист,middle,гибрид,"['1С', 'ЗУП', 'БП']",Россия,245000
2023,Октябрь,аналитик,middle,удаленно,"['1С', 'ERP']",Москва,153000
2023,Сентябрь,разработчик,lead,удаленно,"['1С', 'ERP', 'ЗУП', 'СКД']",Россия,175000
2023,Сентябрь,разработчик,lead,удаленно,['1С'],Россия,219000
2023,Сентябрь,разработчик,lead,удаленно,"['1С', 'ERP', 'ЗУП', 'БП', 'REST API', 'SOAP']",Казань,200000
2023,Сентябрь,аналитик,middle,офис,"['1С', 'ЗУП']",Москва,240000
2023,Сентябрь,разработчик,lead,гибрид,"['1С', 'ERP', 'БП', 'СКД']",Москва,250000
2023,Сентябрь,аналитик,lead,офис,"['1С', 'ERP']",Мир,190000
2023,Сентябрь,консультант,middle,гибрид,"['1С', 'ЗУП']",Москва,200000
2023,Сентябрь,разработчик,middle,удаленно,['1С'],Москва,200000
2023,Сентябрь,программист,middle,гибрид,"['1С', 'ERP']",Москва,219000
2023,Сентябрь,аналитик,lead,офис,['1С'],Россия,288000
2023,Сентябрь,аналитик,lead,удаленно,"['1С', 'УТ']",Россия,175000
2023,Сентябрь,программист,middle,удаленно,['1С'],Мир,200000
2023,Сентябрь,программист,lead,гибрид,"['1С', 'ЗУП', 'БП', 'УТ', 'СКД', 'XML', 'JSON']",Ростов,250000
2023,Сентябрь,консультант,lead,гибрид,"['1С', 'ERP']",Москва,312000
2023,Сентябрь,программист,lead,удаленно,"['1С', 'ЗУП', 'УТ']",Россия,125000
2023,Сентябрь,программист,middle,офис,"['1С', 'УПП']",Москва,225000
2023,Сентябрь,аналитик,middle,гибрид,"['1С', 'ERP', 'УТ']",Мир,225000
2023,Сентябрь,консультант,lead,удаленно,"['1С', 'ERP', 'УТ']",Краснодар,312000
2023,Сентябрь,разработчик,lead,гибрид,"['1С', 'ERP']",Мытищи,312000
2023,Сентябрь,разработчик,lead,гибрид,['1С'],Ижевск,175000
2023,Сентябрь,разработчик,middle,гибрид,"['1С', 'SQL', 'ЗУП']",Москва,312000
2023,Сентябрь,программист,middle,удаленно,"['1С', 'ERP', 'УТ']",Россия,240000
2023,Сентябрь,разработчик,lead,гибкий,"['1С', 'УТ', 'СКД']",Новосибирск,312000
2023,Сентябрь,аналитик,lead,удаленно,"['1С', 'ERP']",Мир,200000
2023,Сентябрь,консультант,lead,удаленно,"['1С', 'ERP', 'ЗУП']",Россия,188000
2023,Сентябрь,разработчик,middle,удаленно,"['1С', 'ERP']",Россия,219000
2023,Сентябрь,аналитик,middle,удаленно,"['1С', 'ЗУП']",Казань,200000
2023,Сентябрь,программист,lead,гибрид,"['1С', 'ERP']",Екатеринбург,225000
2023,Сентябрь,программист,middle,офис,"['1С', 'ERP']",Москва,200000
2023,Сентябрь,аналитик,lead,удаленно,"['1С', 'ЗУП', 'БП']",Россия,250000
2023,Сентябрь,программист,middle,удаленно,"['1С', 'ERP', 'ЗУП', 'СКД']",Пермь,175000
2023,Сентябрь,программист,middle,удаленно,"['1С', 'SQL', 'ЗУП', 'БП', 'УТ', 'XML']",Мир,192000
2023,Сентябрь,аналитик,senior,удаленно,['1С'],Москва,312000
2023,Сентябрь,архитектор,manager,гибрид,['1С'],Мир,293000
2023,Сентябрь,программист,middle,офис,"['1С', 'ERP', 'УТ', 'XML']",Россия,250000
2023,Сентябрь,аналитик,lead,гибрид,['БП'],Москва,225000
2023,Сентябрь,аналитик,lead,удаленно,"['1С', 'ERP', 'УПП']",Челябинск,250000
2023,Сентябрь,программист,middle,гибрид,"['1С', 'ЗУП', 'БП', 'УТ']",Мир,250000
2023,Сентябрь,специалист,middle,офис,"['1С', 'SQL', 'ERP', 'SOAP']",Мир,205000
2023,Сентябрь,программист,middle,гибрид,"['1С', 'УТ']",Москва,215000
2023,Сентябрь,программист,middle,гибкий,"['1С', 'СКД', 'XML']",Москва,138000
2023,Сентябрь,аналитик,middle,удаленно,['1С'],Москва,188000
2023,Сентябрь,программист,middle,гибрид,"['1С', 'SQL']",Мир,250000
2023,Сентябрь,программист,middle,удаленно,"['1С', 'УТ', 'REST API']",Россия,201000
2023,Сентябрь,разработчик,middle,офис,['1С'],Москва,210000
2023,Сентябрь,программист,lead,удаленно,"['1С', 'ERP', 'УПП']",Мир,220000
2023,Сентябрь,программист,lead,удаленно,['1С'],Мир,225000
2023,Сентябрь,разработчик,lead,гибрид,"['1С', 'ЗУП']",Москва,212000
2023,Сентябрь,аналитик,lead,гибрид,['1С'],Московский,170000
2023,Сентябрь,программист,middle,гибкий,"['1С', 'XML', 'JSON', 'SOAP']",Сочи,150000
2023,Сентябрь,разработчик,middle,удаленно,"['1С', 'ERP', 'УПП', 'ЗУП']",Мир,201000
2023,Сентябрь,руководитель,manager,удаленно,"['1С', 'ERP', 'ЗУП', 'УТ']",Москва,200000
2023,Сентябрь,архитектор,lead,гибрид,"['1С', 'ERP']",Россия,375000
2023,Сентябрь,программист,lead,удаленно,"['1С', 'ЗУП', 'БП', 'УТ']",Москва,200000
2023,Сентябрь,консультант,middle,гибрид,"['1С', 'ERP']",Россия,225000
2023,Август,разработчик,middle,гибрид,['1С'],Москва,219000
2023,Август,аналитик,lead,гибрид,"['1С', 'ERP']",Россия,312000
2023,Август,аналитик,middle,удаленно,['1С'],Россия,158000
2023,Август,программист,middle,удаленно,"['1С', 'БП', 'УТ', 'СКД']",Красноярск,494000
2023,Август,разработчик,middle,гибрид,"['1С', 'ERP', 'ЗУП', 'БП', 'СКД']",Нижний Новгород,250000
2023,Август,программист,senior,удаленно,"['1С', 'СКД']",Ижевск,175000
2023,Август,разработчик,senior,удаленно,"['1С', 'ERP', 'БП', 'REST API']",Москва,312000
2023,Август,программист,senior,гибрид,"['1С', 'ЗУП']",Москва,262000
2023,Август,разработчик,manager,удаленно,"['1С', 'ERP']",Мир,200000
2023,Август,аналитик,manager,удаленно,['1С'],Россия,165000
2023,Август,аналитик,manager,гибрид,"['1С', 'ЗУП']",Россия,254000
2023,Август,консультант,middle,офис,"['1С', 'ERP']",Москва,175000
2023,Август,инженер,middle,гибрид,"['1С', 'ERP']",Москва,250000
2023,Август,разработчик,middle,гибрид,"['1С', 'ERP', 'ЗУП', 'УТ']",Москва,219000
2023,Август,программист,middle,удаленно,"['1С', 'HTML', 'ERP', 'БП']",Мир,158000
2023,Август,архитектор,middle,гибрид,['1С'],Россия,312000
2023,Август,консультант,lead,удаленно,"['1С', 'ERP']",Россия,192000
2023,Август,программист,middle,гибрид,"['1С', 'ЗУП', 'СКД']",Москва,175000
2023,Август,разработчик,middle,гибрид,"['1С', 'ERP', 'УПП']",Москва,219000
2023,Август,разработчик,manager,удаленно,"['1С', 'УПП']",Мир,158000
2023,Август,разработчик,manager,удаленно,['1С'],Россия,219000
2023,Август,программист,junior,гибрид,"['1С', 'ERP', 'ЗУП']",Казань,131000
2023,Август,архитектор,middle,офис,"['1С', 'ERP']",Москва,325000
2023,Август,разработчик,senior,гибрид,"['1С', 'ЗУП', 'БП']",Москва,190000
2023,Август,программист,middle,гибкий,"['1С', 'SQL', 'ERP']",Москва,192000
2023,Август,программист,lead,офис,['1С'],Мир,165000
2023,Август,разработчик,middle,удаленно,"['1С', 'БП']",Мир,185000
2023,Август,аналитик,middle,удаленно,['1С'],Россия,219000
2023,Август,аналитик,middle,гибрид,['1С'],Москва,200000
2023,Август,аналитик,middle,удаленно,['1С'],Россия,201000
2023,Август,аналитик,lead,гибрид,"['1С', 'ERP', 'ЗУП', 'УТ', 'СКД']",Москва,180000
2023,Август,программист,middle,гибрид,"['1С', 'ERP']",Москва,250000
2023,Август,руководитель,manager,офис,['1С'],Воронеж,312000
2023,Август,программист,lead,гибрид,"['1С', 'ERP', 'УПП', 'ЗУП', 'БП', 'СКД', 'XML']",Коммунар,210000
2023,Август,аналитик,lead,офис,"['1С', 'ERP', 'УПП']",Санкт-Петербург,225000
2023,Июль,программист,lead,офис,['1С'],Санкт-Петербург,275000
2023,Июль,тимлид,middle,офис,"['1С', 'ЗУП', 'БП', 'УТ', 'СКД']",Россия,312000
2023,Июль,программист,middle,гибрид,"['1С', 'ЗУП']",Москва,212000
2023,Июль,программист,senior,гибрид,"['1С', 'БП', 'СКД']",Москва,10000
2023,Июль,разработчик,lead,удаленно,"['1С', 'ЗУП', 'СКД']",Россия,219000
2023,Июль,разработчик,middle,гибрид,"['1С', 'SQL', 'ЗУП']",Москва,225000
2023,Июль,аналитик,middle,удаленно,"['1С', 'ERP', 'УПП', 'БП', 'УТ']",Россия,225000
2023,Июль,аналитик,lead,гибрид,"['1С', 'ERP', 'БП']",Мир,200000
2023,Июль,архитектор,manager,удаленно,"['1С', 'ERP']",Мир,375000
2023,Июль,программист,manager,гибкий,['1С'],Москва,192000
2023,Июль,аналитик,lead,гибрид,"['1С', 'ERP']",Москва,225000
2023,Июль,программист,middle,удаленно,"['1С', 'ERP', 'ЗУП', 'БП', 'УТ', 'СКД']",Москва,200000
2023,Июль,разработчик,middle,удаленно,['1С'],Россия,158000
2023,Июль,аналитик,middle,гибрид,"['1С', 'ERP']",Мытищи,225000
2023,Июль,аналитик,middle,гибрид,"['1С', 'ERP']",Москва,192000
2023,Июль,разработчик,middle,удаленно,"['1С', 'ЗУП']",Москва,200000
2023,Июль,разработчик,senior,гибрид,"['1С', 'ERP', 'УТ', 'СКД', 'REST API']",Москва,312000
2023,Июль,разработчик,middle,офис,"['1С', 'SQL', 'ERP', 'УТ', 'XML', 'JSON']",Россия,149000
2023,Июль,программист,middle,гибрид,"['1С', 'ERP', 'СКД']",Россия,245000
2023,Июль,программист,middle,офис,"['1С', 'ERP']",Омск,135000
2023,Июль,разработчик,senior,удаленно,['1С'],Мир,220000
2023,Июль,аналитик,manager,гибрид,"['1С', 'ERP']",Москва,188000
2023,Июль,программист,middle,гибрид,"['1С', 'ЗУП', 'БП', 'СКД', 'SOAP']",Москва,250000
2023,Июль,разработчик,middle,гибрид,"['1С', 'ERP', 'ЗУП', 'УТ']",Москва,225000
2023,Июль,разработчик,senior,удаленно,['1С'],Россия,338000
2023,Июль,архитектор,lead,гибрид,"['1С', 'ERP']",Москва,306000
2023,Июль,руководитель,middle,гибрид,['1С'],Москва,225000
2023,Июль,аналитик,senior,гибрид,"['1С', 'ERP', 'УПП', 'ЗУП']",Москва,245000
2023,Июль,разработчик,senior,удаленно,"['1С', 'ЗУП']",Москва,205000
2023,Июль,программист,middle,удаленно,"['1С', 'ERP']",Ульяновск,200000
2023,Июль,программист,middle,офис,"['1С', 'ERP', 'ЗУП', 'СКД']",Московский,190000
2023,Июль,программист,middle,удаленно,"['1С', 'СКД']",Россия,175000
2023,Июль,аналитик,middle,удаленно,['1С'],Россия,212000
2023,Июль,специалист,middle,удаленно,['1С'],Россия,350000
2023,Июль,архитектор,lead,гибрид,['1С'],Москва,375000
2023,Июль,аналитик,lead,гибрид,"['1С', 'ERP']",Москва,312000
2023,Июль,аналитик,lead,гибрид,['1С'],Мир,158000
2023,Июль,аналитик,lead,гибкий,"['1С', 'ЗУП']",Россия,200000
2023,Июль,архитектор,lead,гибрид,"['1С', 'ERP']",Мир,255000
2023,Июль,программист,lead,гибрид,['1С'],Мир,225000
2023,Июль,программист,middle,гибкий,"['1С', 'ЗУП', 'БП', 'УТ', 'JSON']",Челябинск,140000
2023,Июль,разработчик,middle,гибрид,"['1С', 'ERP', 'ЗУП', 'БП', 'УТ']",Россия,312000
2023,Июль,руководитель,manager,гибрид,"['1С', 'ERP']",Москва,350000
2023,Июль,программист,manager,удаленно,['1С'],Мир,175000
2023,Июль,руководитель,middle,гибрид,"['1С', 'ERP', 'ЗУП']",Москва,438000
2023,Июль,аналитик,middle,удаленно,"['1С', 'ERP']",Мир,175000
2023,Июль,специалист,middle,удаленно,"['1С', 'ERP']",Мир,262000
2023,Июль,программист,middle,офис,"['1С', 'ERP']",Москва,175000
2023,Июль,программист,lead,удаленно,"['1С', 'УТ']",Россия,225000
2023,Июнь,программист,middle,удаленно,"['1С', 'ERP', 'ЗУП', 'БП', 'УТ']",Владивосток,262000
2023,Июнь,программист,middle,гибрид,"['1С', 'ERP', 'ЗУП', 'БП']",Кудрово,175000
2023,Июнь,специалист,middle,офис,"['1С', 'ERP']",Москва,250000
2023,Июнь,аналитик,middle,гибрид,['1С'],Химки,208000
2023,Июнь,аналитик,lead,гибрид,"['1С', 'ERP']",Москва,205000
2023,Июнь,аналитик,middle,гибрид,"['1С', 'ERP']",Москва,219000
2023,Июнь,программист,middle,гибрид,['1С'],Санкт-Петербург,210000
2023,Июнь,консультант,middle,удаленно,"['1С', 'ERP', 'УТ']",Мир,219000
2023,Июнь,программист,middle,гибрид,"['1С', 'SQL']",Москва,180000
2023,Июнь,аналитик,middle,офис,"['1С', 'ЗУП']",Мир,265000
2023,Июнь,архитектор,lead,офис,"['1С', 'ERP']",Химки,275000
2023,Июнь,программист,middle,гибрид,"['1С', 'БП', 'УТ', 'СКД']",Московский,188000
2023,Июнь,программист,middle,удаленно,"['1С', 'БП', 'СКД']",Россия,219000
2023,Июнь,разработчик,middle,гибрид,"['1С', 'SQL', 'XML']",Москва,175000
2023,Июнь,специалист,middle,гибрид,"['1С', 'ЗУП']",Россия,190000
2023,Июнь,администратор,middle,удаленно,['1С'],Россия,175000
2023,Июнь,аналитик,lead,гибрид,"['1С', 'ERP', 'ЗУП']",Санкт-Петербург,306000
2023,Июнь,аналитик,lead,гибрид,"['1С', 'HTML', 'ERP']",Мир,201000
2023,Июнь,эксперт,lead,удаленно,"['1С', 'ERP']",Россия,375000
2023,Июнь,программист,middle,гибрид,"['1С', 'SQL', 'ЗУП']",Москва,235000
2023,Июнь,аналитик,middle,удаленно,"['1С', 'ERP', 'УТ']",Мир,175000
2023,Июнь,разработчик,lead,гибкий,"['1С', 'УТ', 'REST API']",Свободный,262000
2023,Июнь,аналитик,lead,гибрид,['ERP'],Москва,375000
2023,Июнь,аналитик,lead,гибрид,"['1С', 'ERP']",Санкт-Петербург,170000
2023,Июнь,разработчик,lead,офис,"['1С', 'СКД', 'XML']",Россия,262000
2023,Июнь,программист,lead,удаленно,"['1С', 'XML', 'JSON']",Новосибирск,158000
2023,Июнь,аналитик,middle,гибрид,"['1С', 'ERP']",Мир,312000
2023,Июнь,разработчик,middle,гибрид,"['1С', 'ERP']",Москва,200000
2023,Июнь,аналитик,middle,гибрид,"['1С', 'ЗУП']",Москва,250000
2023,Июнь,аналитик,lead,удаленно,"['1С', 'ERP', 'УТ']",Мир,238000
2023,Июнь,администратор,manager,гибкий,"['1С', 'SQL']",Россия,250000
2023,Июнь,разработчик,middle,гибрид,"['1С', 'ERP']",Москва,219000
2023,Июнь,разработчик,middle,удаленно,"['1С', 'ЗУП']",Зима,188000
2023,Июнь,архитектор,lead,гибрид,['1С'],Москва,375000
2023,Июнь,аналитик,manager,офис,"['1С', 'ERP']",Россия,219000
2023,Июнь,разработчик,junior,удаленно,"['1С', 'ERP', 'ЗУП', 'УТ', 'СКД']",Мир,175000
2023,Июнь,аналитик,junior,офис,"['1С', 'ERP']",Макаров,188000
2023,Июнь,разработчик,middle,гибрид,['1С'],Москва,219000
2023,Июнь,аналитик,lead,офис,"['1С', 'ЗУП']",Москва,175000
2023,Июнь,программист,middle,офис,['1С'],Москва,192000
2023,Июнь,руководитель,manager,удаленно,"['1С', 'ЗУП']",Москва,18000
2023,Май,программист,middle,офис,['1С'],Россия,201000
2023,Май,инженер,senior,гибрид,['1С'],Москва,250000
2023,Май,разработчик,middle,гибкий,"['1С', 'СКД']",Новосибирск,200000
2023,Май,программист,middle,гибрид,['1С'],Московский,185000
2023,Май,разработчик,middle,удаленно,"['1С', 'ЗУП', 'УТ', 'СКД']",Россия,175000
2023,Май,программист,middle,гибрид,"['1С', 'SQL', 'ERP', 'ЗУП']",Россия,265000
2023,Май,разработчик,middle,гибрид,"['1С', 'ERP', 'ЗУП']",Мир,205000
2023,Май,разработчик,middle,удаленно,"['1С', 'ERP', 'ЗУП', 'БП']",Москва,225000
2023,Май,консультант,lead,удаленно,"['1С', 'ERP', 'ЗУП']",Мир,212000
2023,Май,аналитик,lead,удаленно,['1С'],Россия,205000
2023,Май,разработчик,middle,удаленно,"['1С', 'ЗУП', 'СКД', 'SOAP']",Мир,265000
2023,Май,разработчик,senior,удаленно,"['1С', 'SQL']",Мир,165000
2023,Май,аналитик,middle,гибкий,"['1С', 'ERP']",Краснодар,219000
2023,Май,аналитик,middle,гибрид,"['1С', 'ЗУП', 'БП']",Мир,175000
2023,Май,разработчик,middle,удаленно,"['1С', 'БП']",Мир,155000
2023,Май,консультант,senior,удаленно,"['1С', 'ERP']",Мир,175000
2023,Май,разработчик,senior,гибкий,"['1С', 'ЗУП', 'БП']",Москва,158000
2023,Май,разработчик,senior,гибрид,"['1С', 'ERP']",Москва,165000
2023,Май,эксперт,middle,удаленно,['1С'],Мир,330000
2023,Май,разработчик,middle,удаленно,['1С'],Мир,219000
2023,Май,эксперт,middle,удаленно,"['1С', 'SQL']",Россия,306000
2023,Май,разработчик,middle,гибрид,"['1С', 'ЗУП', 'УТ']",Мир,175000
2023,Май,программист,middle,удаленно,"['1С', 'ЗУП', 'СКД']",Москва,190000
2023,Май,программист,middle,удаленно,"['1С', 'ЗУП', 'БП', 'СКД', 'SOAP']",Россия,260000
2023,Май,программист,lead,гибрид,"['1С', 'ЗУП']",Москва,250000
2023,Май,программист,lead,офис,"['1С', 'ERP', 'УПП', 'ЗУП', 'БП']",Мир,250000
2023,Май,аналитик,manager,удаленно,"['1С', 'БП', 'УТ']",Россия,225000
2023,Май,разработчик,middle,офис,"['1С', 'ERP', 'УПП', 'УТ']",Москва,250000
2023,Май,программист,middle,гибрид,"['1С', 'СКД']",Россия,201000
2023,Май,аналитик,middle,гибрид,"['1С', 'ERP']",Москва,175000
2023,Май,разработчик,lead,гибрид,"['1С', 'ERP', 'СКД', 'XML']",Москва,175000
2023,Май,администратор,lead,офис,"['1С', 'SQL']",Нижний Новгород,158000
2023,Май,разработчик,lead,удаленно,['1С'],Мир,149000
2023,Май,программист,middle,офис,"['1С', 'ERP', 'БП', 'УТ', 'СКД']",Воронеж,190000
2023,Май,аналитик,middle,офис,"['1С', 'УТ']",Россия,254000
2023,Май,программист,middle,офис,"['1С', 'ERP', 'УТ']",Санкт-Петербург,200000
2023,Май,аналитик,middle,гибрид,"['1С', 'ERP']",Москва,175000
2023,Май,разработчик,middle,удаленно,"['1С', 'ERP', 'УПП']",Россия,205000
2023,Май,программист,middle,удаленно,"['SQL', 'БП', 'СКД']",Мир,250000
2023,Май,программист,middle,удаленно,"['1С', 'ERP', 'ЗУП', 'БП', 'УТ', 'СКД']",Мир,202000
2023,Май,разработчик,middle,удаленно,"['1С', 'СКД', 'XML', 'JSON', 'SOAP']",Россия,219000
2023,Май,разработчик,middle,удаленно,"['1С', 'ERP', 'УПП']",Мир,205000
2023,Май,программист,lead,гибкий,['1С'],Россия,240000
2023,Май,разработчик,middle,удаленно,"['1С', 'ERP', 'УПП', 'УТ', 'СКД']",Москва,180000
2023,Май,программист,middle,офис,"['1С', 'ERP']",Мир,219000
2023,Май,программист,lead,гибрид,"['1С', 'УПП', 'УТ']",Россия,175000
2023,Май,программист,middle,гибрид,"['1С', 'ЗУП']",Москва,219000
2023,Май,разработчик,middle,гибрид,"['1С', 'ЗУП', 'БП', 'УТ', 'СКД']",Москва,190000
2023,Апрель,аналитик,middle,гибрид,"['1С', 'ERP', 'БП']",Москва,201000
2023,Апрель,программист,middle,гибрид,"['1С', 'СКД']",Пермь,190000
2023,Апрель,программист,lead,офис,"['1С', 'ERP']",Москва,250000
2023,Апрель,консультант,middle,гибрид,"['1С', 'ERP', 'ЗУП']",Россия,200000
2023,Апрель,специалист,middle,удаленно,"['1С', 'ERP']",Владимир,200000
2023,Апрель,разработчик,lead,офис,"['1С', 'ERP', 'УПП', 'ЗУП']",Москва,101000
2023,Апрель,разработчик,senior,офис,"['1С', 'ЗУП', 'БП']",Мир,225000
2023,Апрель,консультант,lead,удаленно,"['1С', 'ERP', 'ЗУП']",Москва,175000
2023,Апрель,программист,middle,гибрид,"['1С', 'ERP', 'ЗУП']",Москва,225000
2023,Апрель,программист,lead,офис,"['1С', 'ERP', 'УТ', 'XML']",Мир,215000
2023,Апрель,аналитик,senior,удаленно,['1С'],Москва,250000
2023,Апрель,разработчик,lead,удаленно,['1С'],Московский,163000
2023,Апрель,разработчик,senior,гибрид,"['1С', 'ERP', 'ЗУП', 'БП']",Москва,219000
2023,Апрель,аналитик,middle,гибрид,"['1С', 'ERP']",Мир,215000
2023,Апрель,аналитик,middle,удаленно,"['1С', 'ЗУП']",Россия,215000
2023,Апрель,эксперт,middle,офис,"['1С', 'ERP', 'ЗУП']",Краснодар,375000
2023,Апрель,программист,lead,гибрид,"['1С', 'ERP']",Москва,219000
2023,Апрель,разработчик,lead,гибрид,['1С'],Ульяновск,170000
2023,Апрель,аналитик,lead,удаленно,['1С'],Россия,205000
2023,Апрель,разработчик,manager,гибрид,['1С'],Россия,145000
2023,Апрель,аналитик,middle,гибрид,"['1С', 'SQL', 'УТ']",Москва,292000
2023,Апрель,разработчик,lead,гибрид,"['1С', 'ERP']",Москва,215000
2023,Апрель,аналитик,senior,удаленно,"['1С', 'ERP', 'БП']",Мир,245000
2023,Апрель,программист,middle,удаленно,"['1С', 'ERP']",Россия,225000
2023,Апрель,программист,middle,гибрид,"['1С', 'ERP']",Россия,160000
2023,Апрель,архитектор,middle,удаленно,"['1С', 'ERP', 'УПП', 'УТ']",Мир,238000
2023,Апрель,архитектор,lead,офис,"['1С', 'ERP']",Москва,262000
2023,Апрель,руководитель,senior,гибрид,"['1С', 'ERP']",Мир,306000
2023,Апрель,аналитик,manager,офис,"['1С', 'ERP', 'БП', 'УТ', 'СКД']",Дзержинский,115000
2023,Апрель,разработчик,senior,гибрид,"['1С', 'БП']",Москва,312000
2023,Апрель,программист,senior,гибрид,"['1С', 'СКД', 'XML']",Мир,275000
2023,Апрель,эксперт,middle,гибкий,"['1С', 'SQL']",Мир,312000
2023,Апрель,разработчик,lead,удаленно,"['1С', 'ERP']",Мир,219000
2023,Апрель,разработчик,lead,гибрид,['1С'],Санкт-Петербург,150000
2023,Апрель,аналитик,middle,гибрид,['1С'],Москва,215000
2023,Март,программист,junior,офис,['1С'],Москва,200000
2023,Март,программист,junior,гибрид,['1С'],Санкт-Петербург,116000
2023,Март,программист,junior,гибрид,"['1С', 'ERP']",Москва,225000
2023,Март,консультант,middle,гибрид,"['1С', 'ERP']",Мир,254000
2023,Март,программист,middle,удаленно,"['1С', 'ЗУП']",Нижний Новгород,175000
2023,Март,аналитик,manager,гибрид,"['1С', 'ERP', 'УТ']",Россия,114000
2023,Март,программист,middle,офис,"['1С', 'SOAP']",Россия,195000
2023,Март,аналитик,middle,гибрид,"['1С', 'ERP']",Москва,312000
2023,Март,программист,junior,гибкий,"['1С', 'ЗУП']",Россия,131000
2023,Март,разработчик,middle,гибрид,"['1С', 'ERP']",Москва,185000
2023,Март,разработчик,middle,гибрид,['1С'],Москва,175000
2023,Март,программист,middle,гибрид,['1С'],Москва,250000
2023,Март,аналитик,senior,удаленно,"['1С', 'ERP', 'БП']",Мир,350000
2023,Март,программист,junior,гибрид,"['1С', 'ЗУП']",Москва,162000
2023,Март,аналитик,middle,офис,['1С'],Екатеринбург,110000
2023,Март,эксперт,middle,гибрид,['1С'],Россия,188000
2023,Март,аналитик,middle,гибрид,['1С'],Москва,212000
2023,Март,тестировщик,middle,удаленно,['1С'],Россия,98000
2023,Март,программист,middle,гибрид,"['1С', 'ЗУП']",Мир,338000
2023,Март,инженер,middle,удаленно,['1С'],Тула,125000
2023,Март,программист,middle,гибрид,"['1С', 'ERP', 'ЗУП']",Пионерский,190000
2023,Март,разработчик,middle,гибрид,"['1С', 'SQL']",Москва,312000
2023,Март,разработчик,middle,удаленно,"['1С', 'ERP', 'ЗУП']",Москва,215000
2023,Март,разработчик,lead,гибрид,"['1С', 'ERP', 'СКД']",Новосибирск,180000
2023,Март,разработчик,middle,гибрид,"['1С', 'СКД', 'XML', 'JSON', 'ADODB']",Россия,250000
2023,Март,аналитик,middle,удаленно,"['1С', 'БП']",Россия,195000
2023,Март,руководитель,middle,офис,['1С'],Краснодар,250000
2023,Март,программист,middle,удаленно,"['1С', 'ЗУП', 'XML', 'JSON']",Москва,159000
2023,Март,программист,middle,гибрид,"['1С', 'ERP', 'ЗУП', 'БП']",Москва,168000
2023,Март,архитектор,middle,гибрид,"['1С', 'ERP']",Москва,250000
2023,Март,программист,middle,гибрид,"['1С', 'ERP', 'ЗУП', 'БП']",Московский,219000
2023,Март,разработчик,middle,офис,"['1С', 'СКД']",Москва,175000
2023,Март,аналитик,middle,удаленно,"['1С', 'SQL', 'ERP', 'СКД']",Мир,185000
2023,Март,программист,manager,офис,"['1С', 'SQL']",Ростов,586000
2023,Март,программист,manager,удаленно,"['1С', 'УТ']",Россия,175000
2023,Март,разработчик,manager,офис,"['1С', 'СКД', 'XML', 'JSON']",Мир,175000
2023,Март,специалист,middle,удаленно,"['1С', 'ERP', 'УПП']",Москва,250000
2023,Март,программист,middle,гибрид,"['1С', 'ЗУП', 'СКД']",Москва,250000
2023,Март,программист,lead,офис,"['1С', 'ЗУП', 'БП', 'СКД']",Сочи,238000
2023,Март,аналитик,middle,гибрид,"['1С', 'ERP']",Москва,130000
2023,Март,разработчик,middle,гибрид,['1С'],Мир,192000
2023,Март,аналитик,middle,удаленно,['1С'],Ульяновск,131000
2023,Март,программист,middle,гибрид,"['1С', 'SQL', 'СКД']",Москва,180000
2023,Февраль,разработчик,senior,удаленно,"['1С', 'ЗУП', 'REST API']",Москва,312000
2023,Февраль,аналитик,middle,гибрид,['1С'],Москва,175000
2023,Февраль,аналитик,middle,удаленно,['1С'],Россия,170000
2023,Февраль,специалист,middle,офис,"['1С', 'SQL', 'ЗУП', 'БП', 'СКД']",Пенза,188000
2023,Февраль,программист,middle,гибрид,"['1С', 'ERP']",Мир,220000
2023,Февраль,разработчик,lead,офис,['1С'],Москва,236000
2023,Февраль,разработчик,middle,гибрид,"['1С', 'ЗУП', 'СКД']",Санкт-Петербург,175000
2023,Февраль,тестировщик,middle,удаленно,['1С'],Новосибирск,158000
2023,Февраль,аналитик,middle,офис,['1С'],Москва,225000
2023,Февраль,программист,middle,гибрид,['1С'],Ярославль,150000
2023,Февраль,разработчик,middle,гибрид,"['1С', 'ЗУП', 'БП']",Москва,219000
2023,Февраль,разработчик,lead,гибрид,"['1С', 'ERP', 'ЗУП', 'БП']",Санкт-Петербург,275000
2023,Февраль,разработчик,middle,гибрид,"['1С', 'SQL', 'СКД']",Мир,145000
2023,Февраль,аналитик,manager,гибрид,['1С'],Москва,149000
2023,Февраль,программист,middle,гибрид,"['1С', 'ЗУП']",Москва,240000
2023,Февраль,программист,middle,гибрид,"['1С', 'ЗУП']",Мир,205000
2023,Февраль,программист,middle,удаленно,"['1С', 'ERP']",Москва,219000
2023,Февраль,программист,middle,гибрид,['1С'],Россия,125000
2023,Февраль,аналитик,middle,гибрид,"['1С', 'ERP']",Москва,225000
2023,Февраль,программист,lead,гибрид,"['1С', 'ERP']",Казань,155000
2023,Февраль,аналитик,manager,гибрид,"['1С', 'ERP']",Москва,225000
2023,Февраль,программист,manager,удаленно,"['1С', 'ERP', 'XML', 'JSON']",Санкт-Петербург,130000
2023,Февраль,программист,manager,гибрид,"['1С', 'ERP']",Казань,200000
2023,Февраль,менеджер,manager,офис,['1С'],Мир,155000
2023,Февраль,программист,middle,гибкий,"['1С', 'ERP', 'УПП', 'ЗУП', 'УТ']",Екатеринбург,162000
2023,Февраль,программист,lead,удаленно,"['1С', 'ERP', 'ЗУП', 'БП', 'УТ', 'СКД']",Россия,228000
2023,Февраль,аналитик,lead,гибрид,"['1С', 'ERP']",Москва,200000
2023,Февраль,инженер,lead,гибрид,['1С'],Новосибирск,175000
2023,Февраль,разработчик,manager,офис,"['1С', 'ЗУП', 'БП']",Москва,230000
2023,Февраль,программист,middle,гибрид,"['1С', 'ERP']",Казань,231000
2023,Февраль,программист,lead,удаленно,"['1С', 'ЗУП']",Россия,150000
2023,Февраль,программист,middle,гибрид,"['1С', 'ЗУП', 'БП']",Краснодар,131000
2023,Февраль,разработчик,middle,удаленно,"['1С', 'SQL', 'ERP', 'ЗУП']",Москва,225000
2023,Февраль,программист,middle,гибрид,"['1С', 'ERP']",Кудрово,175000
2023,Январь,руководитель,middle,гибрид,['1С'],Московский,225000
2023,Январь,аналитик,lead,гибрид,"['1С', 'ERP']",Россия,188000
2023,Январь,аналитик,middle,гибрид,['1С'],Москва,205000
2023,Январь,эксперт,lead,офис,['1С'],Россия,375000
2023,Январь,программист,middle,гибрид,"['1С', 'SQL', 'ERP', 'ЗУП', 'СКД']",Москва,250000
2023,Январь,программист,lead,гибрид,"['1С', 'УТ']",Москва,215000
2023,Январь,программист,lead,удаленно,"['1С', 'SQL', 'ЗУП', 'БП', 'REST API']",Москва,250000
2023,Январь,менеджер,lead,гибрид,['1С'],Москва,110000
2023,Январь,администратор,lead,удаленно,"['1С', 'ERP']",Мир,135000
2023,Январь,консультант,lead,офис,"['1С', 'ERP', 'УТ']",Москва,159000
2023,Январь,разработчик,lead,офис,"['1С', 'ЗУП']",Москва,190000
2023,Январь,разработчик,middle,гибкий,['1С'],Россия,219000
2023,Январь,программист,middle,офис,"['1С', 'SQL']",Уфа,131000
2023,Январь,специалист,middle,удаленно,['1С'],Благодарный,219000
2023,Январь,аналитик,middle,гибрид,"['1С', 'ERP']",Москва,225000
2023,Январь,программист,middle,гибрид,"['1С', 'SQL', 'ЗУП', 'БП', 'XML']",Москва,175000
2023,Январь,программист,middle,удаленно,"['1С', 'СКД']",Россия,219000
2023,Январь,программист,middle,гибрид,"['1С', 'ERP', 'УТ']",Екатеринбург,125000
2023,Январь,архитектор,middle,удаленно,['1С'],Москва,219000
2023,Январь,разработчик,lead,гибрид,"['1С', 'ERP', 'ЗУП', 'СКД']",Москва,240000
2023,Январь,архитектор,senior,гибрид,"['1С', 'ERP']",Мир,306000
2023,Январь,разработчик,middle,гибрид,"['1С', 'ЗУП', 'БП', 'СКД']",Мир,150000
2023,Январь,архитектор,middle,офис,"['1С', 'ERP', 'ЗУП']",Москва,27000
2023,Январь,администратор,middle,удаленно,['1С'],Мир,200000
2023,Январь,программист,middle,гибрид,"['1С', 'ERP', 'УТ']",Екатеринбург,135000
2023,Январь,программист,lead,удаленно,"['1С', 'СКД', 'XML', 'JSON']",Москва,250000
2023,Январь,методолог,middle,удаленно,['1С'],Москва,210000
2023,Январь,разработчик,middle,офис,"['1С', 'ЗУП', 'БП', 'СКД']",Омск,110000
2023,Январь,разработчик,lead,гибрид,"['1С', 'ЗУП']",Москва,250000
2023,Январь,менеджер,middle,гибрид,"['1С', 'ЗУП', 'БП', 'УТ']",Москва,200000
2022,Декабрь,программист,lead,гибрид,['1С'],Россия,219000
2022,Декабрь,программист,middle,офис,['1С'],Строитель,185000
2022,Декабрь,аналитик,middle,гибрид,"['1С', 'SQL', 'ЗУП', 'SOAP']",Москва,188000
2022,Декабрь,разработчик,senior,удаленно,"['1С', 'ERP', 'СКД']",Мир,312000
2022,Декабрь,специалист,middle,гибрид,"['1С', 'SQL', 'БП', 'УТ', 'СКД']",Москва,188000
2022,Декабрь,программист,middle,офис,"['1С', 'SQL', 'ERP', 'БП', 'УТ']",Москва,180000
2022,Декабрь,архитектор,middle,гибрид,"['1С', 'ERP', 'БП', 'СКД']",Москва,312000
2022,Декабрь,аналитик,senior,гибрид,"['1С', 'ERP', 'ЗУП']",Мир,190000
2022,Декабрь,программист,middle,офис,"['1С', 'ERP', 'ЗУП']",Москва,250000
2022,Декабрь,консультант,senior,гибрид,"['1С', 'ERP', 'ЗУП']",Мир,188000
2022,Декабрь,консультант,middle,офис,['1С'],Москва,131000
2022,Декабрь,разработчик,manager,гибрид,"['1С', 'SQL', 'ЗУП', 'УТ']",Ростов,200000
2022,Декабрь,программист,middle,гибрид,"['1С', 'ЗУП']",Нижний Новгород,200000
2022,Декабрь,аналитик,middle,гибрид,"['1С', 'ERP', 'УПП', 'ЗУП', 'БП']",Москва,212000
2022,Декабрь,разработчик,senior,удаленно,"['1С', 'SQL', 'УТ']",Москва,215000
2022,Декабрь,разработчик,middle,удаленно,['1С'],Россия,225000
2022,Декабрь,программист,middle,офис,['1С'],Россия,101000
2022,Декабрь,программист,junior,гибрид,"['1С', 'ERP', 'ЗУП', 'СКД']",Россия,180000
2022,Декабрь,разработчик,middle,удаленно,"['1С', 'УТ', 'СКД']",Екатеринбург,149000
2022,Декабрь,программист,lead,гибрид,"['1С', 'ERP', 'СКД']",Казань,219000
2022,Декабрь,руководитель,manager,гибкий,['1С'],Москва,394000
2022,Декабрь,программист,manager,гибрид,"['1С', 'SQL', 'ЗУП', 'БП', 'СКД']",Мир,162000
2022,Декабрь,аналитик,lead,гибрид,['1С'],Санкт-Петербург,150000
2022,Декабрь,программист,middle,удаленно,"['1С', 'ERP', 'УТ', 'СКД']",Москва,16000
2022,Декабрь,программист,middle,удаленно,"['1С', 'ЗУП', 'БП']",Москва,160000
2022,Декабрь,разработчик,middle,гибрид,"['1С', 'ERP', 'УПП', 'ЗУП', 'БП']",Казань,150000
2022,Декабрь,аналитик,manager,удаленно,"['1С', 'ERP']",Россия,128000
2022,Декабрь,программист,middle,офис,"['1С', 'ERP', 'ЗУП', 'СКД', 'XML', 'JSON']",Москва,288000
2022,Декабрь,аналитик,middle,офис,"['1С', 'ERP']",Мир,145000
2022,Декабрь,консультант,middle,удаленно,['1С'],Москва,88000
2022,Ноябрь,аналитик,middle,удаленно,"['1С', 'ERP']",Мир,195000
2022,Ноябрь,программист,junior,офис,['1С'],Москва,250000
2022,Ноябрь,аналитик,junior,удаленно,"['1С', 'ЗУП']",Россия,122000
2022,Ноябрь,разработчик,lead,гибрид,"['1С', 'ЗУП', 'SOAP']",Москва,250000
2022,Ноябрь,программист,senior,офис,['1С'],Екатеринбург,160000
2022,Ноябрь,консультант,manager,гибрид,"['1С', 'ЗУП']",Воронеж,175000
2022,Ноябрь,программист,middle,удаленно,"['1С', 'УТ', 'СКД']",Мир,225000
2022,Ноябрь,программист,middle,гибрид,"['1С', 'ЗУП']",Москва,192000
2022,Ноябрь,архитектор,middle,гибрид,"['1С', 'ЗУП', 'БП', 'УТ']",Московский,235000
2022,Ноябрь,разработчик,middle,гибрид,['1С'],Казань,150000
2022,Ноябрь,аналитик,middle,офис,"['1С', 'ERP']",Мир,175000
2022,Ноябрь,разработчик,lead,гибрид,"['1С', 'УПП', 'ЗУП', 'БП']",Мир,200000
2022,Ноябрь,аналитик,middle,удаленно,"['1С', 'ERP']",Калининград,150000
2022,Ноябрь,архитектор,middle,удаленно,['1С'],Москва,385000
2022,Ноябрь,программист,middle,гибкий,"['1С', 'ERP', 'СКД']",Мир,150000
2022,Ноябрь,разработчик,middle,офис,"['1С', 'УПП']",Новосибирск,158000
2022,Ноябрь,программист,middle,удаленно,"['1С', 'ERP', 'ЗУП']",Россия,175000
2022,Ноябрь,руководитель,manager,офис,['1С'],Россия,350000
2022,Ноябрь,разработчик,manager,гибрид,"['1С', 'УТ']",Тула,165000
2022,Ноябрь,программист,middle,удаленно,"['1С', 'ЗУП', 'БП']",Свободный,165000
2022,Ноябрь,аналитик,middle,гибрид,['1С'],Санкт-Петербург,158000
2022,Ноябрь,разработчик,middle,удаленно,"['1С', 'ERP', 'УПП', 'ЗУП', 'СКД', 'SOAP']",Щербинка,231000
2022,Октябрь,программист,manager,гибрид,['1С'],Нижний Новгород,195000
2022,Октябрь,программист,manager,удаленно,"['1С', 'ЗУП', 'БП']",Россия,165000
2022,Октябрь,программист,lead,удаленно,"['1С', 'ERP']",Мир,140000
2022,Октябрь,программист,middle,гибрид,"['1С', 'СКД']",Екатеринбург,175000
2022,Октябрь,разработчик,middle,гибрид,['1С'],Мир,150000
2022,Октябрь,аналитик,manager,удаленно,"['1С', 'ERP']",Мир,175000
2022,Октябрь,программист,junior,гибрид,"['1С', 'ЗУП']",Москва,148000
2022,Октябрь,разработчик,middle,гибрид,['1С'],Мир,175000
2022,Октябрь,аналитик,middle,гибрид,"['1С', 'ERP', 'УПП', 'ЗУП']",Санкт-Петербург,180000
2022,Октябрь,архитектор,middle,удаленно,['1С'],Россия,219000
2022,Октябрь,программист,middle,удаленно,"['1С', 'ERP']",Мир,225000
2022,Октябрь,разработчик,middle,гибрид,"['1С', 'ERP', 'ЗУП', 'УТ']",Санкт-Петербург,225000
2022,Октябрь,программист,middle,гибрид,"['1С', 'ERP', 'XML', 'JSON']",Екатеринбург,140000
2022,Октябрь,аналитик,lead,гибрид,"['1С', 'ERP', 'УПП']",Санкт-Петербург,175000
2022,Октябрь,аналитик,lead,удаленно,['1С'],Мир,204000
2022,Октябрь,аналитик,lead,удаленно,"['1С', 'УТ']",Мир,145000
2022,Октябрь,разработчик,middle,гибрид,"['1С', 'ЗУП']",Москва,250000
2022,Октябрь,программист,middle,гибрид,"['1С', 'СКД', 'JSON']",Москва,201000
2022,Октябрь,руководитель,manager,гибрид,['1С'],Мир,205000
2022,Октябрь,аналитик,manager,гибрид,['1С'],Москва,175000
2022,Октябрь,аналитик,middle,гибрид,"['1С', 'ERP']",Москва,192000
2022,Октябрь,аналитик,lead,офис,['1С'],Мир,175000
2022,Октябрь,разработчик,middle,гибрид,"['1С', 'SQL', 'ERP', 'ЗУП', 'БП', 'УТ', 'SOAP']",Мир,149000
2022,Октябрь,аналитик,manager,гибрид,['1С'],Мир,132000
2022,Октябрь,аналитик,lead,офис,"['1С', 'ERP']",Россия,190000
2022,Октябрь,разработчик,senior,удаленно,"['1С', 'ERP', 'ЗУП']",Москва,275000
2022,Октябрь,разработчик,middle,удаленно,"['1С', 'ERP', 'ЗУП', 'БП', 'СКД']",Воронеж,170000
2022,Октябрь,программист,middle,удаленно,"['1С', 'ЗУП']",Москва,16000
2022,Октябрь,разработчик,senior,удаленно,"['1С', 'УТ']",Москва,288000
2022,Октябрь,аналитик,middle,гибрид,['1С'],Москва,205000
2022,Октябрь,программист,manager,гибрид,['1С'],Россия,180000
2022,Октябрь,программист,manager,гибкий,"['1С', 'ERP', 'УПП', 'ЗУП']",Россия,225000
2022,Октябрь,специалист,middle,гибрид,['1С'],Мир,128000
2022,Октябрь,программист,lead,удаленно,"['1С', 'ЗУП']",Россия,125000
2022,Октябрь,аналитик,middle,офис,"['1С', 'ЗУП', 'БП']",Мир,250000
2022,Октябрь,разработчик,lead,гибкий,"['1С', 'JavaScript']",Россия,188000
2022,Октябрь,разработчик,middle,гибрид,"['1С', 'СКД']",Мир,160000
2022,Октябрь,аналитик,manager,офис,"['1С', 'XML', 'JSON', 'SOAP']",Москва,250000
2022,Октябрь,консультант,middle,офис,"['1С', 'ERP', 'ЗУП', 'УТ']",Нижний Новгород,188000
2022,Октябрь,программист,manager,гибрид,['1С'],Россия,175000
2022,Сентябрь,аналитик,middle,гибрид,"['ЗУП', 'БП', 'SOAP']",Россия,245000
2022,Сентябрь,программист,middle,офис,"['1С', 'ERP', 'УПП', 'СКД']",Ростов,114000
2022,Сентябрь,программист,middle,гибрид,"['1С', 'ERP', 'ЗУП', 'БП', 'УТ', 'СКД']",Москва,158000
2022,Сентябрь,разработчик,middle,удаленно,"['1С', 'ЗУП', 'XML', 'JSON']",Москва,225000
2022,Сентябрь,руководитель,manager,офис,['1С'],Мир,200000
2022,Сентябрь,разработчик,middle,гибрид,['1С'],Москва,150000
2022,Сентябрь,разработчик,senior,удаленно,"['1С', 'ЗУП', 'БП']",Москва,288000
2022,Сентябрь,разработчик,middle,удаленно,['1С'],Москва,225000
2022,Сентябрь,программист,lead,гибрид,"['1С', 'ERP']",Нижний Новгород,126000
2022,Сентябрь,аналитик,lead,удаленно,['1С'],Москва,262000
2022,Сентябрь,программист,middle,гибрид,"['1С', 'ERP']",Россия,212000
2022,Сентябрь,руководитель,manager,удаленно,['1С'],Мир,350000
2022,Сентябрь,аналитик,middle,удаленно,"['1С', 'ERP']",Москва,225000
2022,Сентябрь,аналитик,manager,удаленно,"['1С', 'УТ', 'JSON']",Россия,219000
2022,Сентябрь,эксперт,lead,удаленно,"['1С', 'ERP']",Новосибирск,250000
2022,Сентябрь,архитектор,manager,удаленно,"['1С', 'ЗУП']",Владимир,295000
2022,Сентябрь,аналитик,manager,гибрид,"['1С', 'SQL', 'Node.js', 'УТ', 'СКД']",Москва,175000
2022,Сентябрь,аналитик,lead,офис,"['1С', 'ERP']",Екатеринбург,120000
2022,Сентябрь,программист,middle,удаленно,['1С'],Екатеринбург,225000
2022,Сентябрь,консультант,middle,офис,"['1С', 'ERP', 'УТ']",Мир,219000
2022,Сентябрь,разработчик,middle,офис,"['1С', 'СКД']",Россия,158000
2022,Сентябрь,программист,middle,удаленно,"['1С', 'УПП', 'УТ']",Краснодар,96000
2022,Сентябрь,программист,middle,офис,"['1С', 'ERP', 'УТ', 'СКД']",Мир,180000
2022,Сентябрь,программист,middle,удаленно,"['1С', 'ERP', 'ЗУП']",Мир,200000
2022,Сентябрь,аналитик,lead,гибрид,"['1С', 'ERP', 'УПП']",Россия,200000
2022,Сентябрь,разработчик,middle,офис,"['1С', 'ЗУП', 'СКД']",Россия,200000
2022,Сентябрь,аналитик,middle,гибрид,"['1С', 'ЗУП']",Казань,105000
2022,Сентябрь,аналитик,manager,гибрид,"['1С', 'ERP']",Москва,175000
2022,Сентябрь,разработчик,middle,удаленно,['1С'],Россия,140000
2022,Сентябрь,программист,lead,гибрид,"['1С', 'ERP', 'ЗУП', 'БП']",Москва,195000
2022,Сентябрь,программист,lead,офис,['1С'],Мир,262000
2022,Сентябрь,аналитик,manager,гибрид,"['1С', 'ERP']",Россия,225000
2022,Сентябрь,аналитик,manager,гибкий,"['1С', 'УТ']",Москва,188000
2022,Сентябрь,аналитик,manager,гибрид,"['1С', 'УПП']",Россия,190000
2022,Сентябрь,аналитик,manager,офис,"['1С', 'СКД']",Москва,170000
2022,Сентябрь,программист,middle,офис,"['1С', 'ЗУП', 'СКД']",Мир,126000
2022,Сентябрь,консультант,lead,гибрид,"['1С', 'ERP']",Санкт-Петербург,195000
2022,Сентябрь,разработчик,middle,гибрид,['1С'],Москва,215000
2022,Сентябрь,программист,manager,гибрид,"['1С', 'ERP', 'УПП']",Новосибирск,145000
2022,Сентябрь,консультант,manager,офис,"['1С', 'ERP']",Россия,219000
2022,Сентябрь,разработчик,lead,удаленно,['1С'],Россия,175000
2022,Сентябрь,аналитик,lead,офис,"['1С', 'ERP']",Россия,140000
2022,Сентябрь,разработчик,middle,удаленно,"['1С', 'ERP', 'УТ', 'XML', 'JSON', 'SOAP']",Москва,140000
2022,Сентябрь,разработчик,middle,гибкий,"['1С', 'SQL', 'ERP', 'ЗУП', 'БП']",Москва,300000
2022,Сентябрь,программист,middle,удаленно,"['1С', 'УТ', 'СКД']",Россия,215000
2022,Август,аналитик,middle,гибрид,"['1С', 'ERP']",Мир,312000
2022,Август,аналитик,middle,гибрид,"['1С', 'ERP']",Россия,219000
2022,Август,разработчик,middle,удаленно,['1С'],Нижний Новгород,160000
2022,Август,разработчик,junior,офис,"['1С', 'СКД']",Россия,219000
2022,Август,аналитик,lead,удаленно,['1С'],Мир,200000
2022,Август,консультант,middle,гибрид,"['1С', 'ЗУП']",Москва,195000
2022,Август,консультант,senior,удаленно,['1С'],Москва,170000
2022,Август,методолог,lead,удаленно,"['1С', 'ERP']",Москва,222000
2022,Август,программист,lead,гибрид,"['1С', 'ERP', 'XML', 'JSON']",Екатеринбург,250000
2022,Август,программист,middle,офис,['1С'],Екатеринбург,125000
2022,Август,аналитик,middle,гибкий,"['1С', 'ERP']",Москва,110000
2022,Август,аналитик,middle,удаленно,"['1С', 'БП', 'УТ']",Россия,215000
2022,Август,программист,middle,удаленно,"['1С', 'УТ']",Екатеринбург,125000
2022,Август,архитектор,lead,гибкий,['1С'],Мир,215000
2022,Август,разработчик,middle,удаленно,"['1С', 'ЗУП']",Москва,149000
2022,Август,программист,middle,гибрид,"['1С', 'SQL', 'ERP']",Москва,219000
2022,Август,разработчик,junior,гибрид,['1С'],Москва,115000
2022,Август,аналитик,junior,гибрид,"['1С', 'УТ']",Россия,245000
2022,Август,аналитик,lead,гибрид,['1С'],Мир,250000
2022,Август,программист,lead,удаленно,"['1С', 'БП', 'УТ']",Россия,219000
2022,Август,разработчик,middle,удаленно,"['1С', 'ЗУП', 'БП', 'УТ', 'СКД']",Краснодар,131000
2022,Август,программист,middle,удаленно,"['1С', 'ERP']",Казань,125000
2022,Август,программист,lead,офис,['1С'],Рязань,180000
2022,Август,разработчик,middle,офис,"['1С', 'SQL', 'ERP', 'УТ', 'XML', 'JSON', 'SOAP']",Москва,250000
2022,Август,программист,manager,удаленно,"['1С', 'СКД']",Архангельск,150000
2022,Август,программист,middle,гибрид,"['1С', 'ЗУП', 'БП']",Москва,131000
2022,Август,программист,middle,удаленно,"['1С', 'SQL', 'ERP', 'ЗУП', 'УТ', 'СКД']",Мир,150000
2022,Август,программист,middle,гибрид,['1С'],Мир,175000
2022,Август,программист,middle,гибрид,['1С'],Свободный,175000
2022,Август,аналитик,middle,удаленно,"['1С', 'ERP']",Москва,126000
2022,Август,администратор,middle,гибкий,['1С'],Мир,150000
2022,Август,аналитик,manager,гибрид,['1С'],Москва,175000
2022,Август,аналитик,middle,офис,"['1С', 'ERP', 'УТ']",Москва,250000
2022,Июль,программист,middle,гибрид,"['1С', 'УТ']",Россия,250000
2022,Июль,программист,manager,удаленно,"['1С', 'УТ']",Москва,201000
2022,Июль,разработчик,manager,удаленно,"['1С', 'JavaScript']",Москва,175000
2022,Июль,аналитик,lead,гибкий,"['1С', 'SQL']",Россия,175000
2022,Июль,программист,middle,удаленно,"['1С', 'ERP', 'УТ']",Сергиев Посад,22000
2022,Июль,программист,middle,гибрид,"['1С', 'СКД']",Мир,105000
2022,Июль,программист,middle,гибрид,"['1С', 'ERP', 'УПП', 'ЗУП', 'БП', 'УТ']",Мир,165000
2022,Июль,руководитель,manager,удаленно,"['1С', 'JavaScript', 'Vue.js']",Россия,230000
2022,Июль,программист,middle,офис,"['1С', 'ЗУП']",Москва,171000
2022,Июль,руководитель,manager,гибрид,"['1С', 'SQL']",Москва,325000
2022,Июль,программист,lead,офис,"['1С', 'ЗУП', 'БП', 'СКД', 'XML', 'JSON', 'SOAP']",Россия,210000
2022,Июль,консультант,middle,офис,"['1С', 'SQL', 'ЗУП']",Москва,144000
2022,Июль,аналитик,senior,офис,"['1С', 'ERP']",Россия,350000
2022,Июль,аналитик,lead,гибрид,"['1С', 'SQL']",Москва,200000
2022,Июль,программист,middle,гибрид,"['1С', 'ERP', 'УТ']",Москва,150000
2022,Июль,аналитик,middle,гибкий,"['1С', 'ERP', 'УТ']",Москва,175000
2022,Июль,программист,middle,удаленно,"['1С', 'ЗУП']",Москва,225000
2022,Июль,аналитик,middle,удаленно,['1С'],Мир,205000
2022,Июль,аналитик,middle,гибрид,"['1С', 'ERP', 'УТ']",Москва,188000
2022,Июль,программист,middle,гибкий,"['1С', 'ERP']",Воронеж,160000
2022,Июль,разработчик,middle,офис,"['1С', 'ERP', 'XML']",Россия,175000
2022,Июль,архитектор,middle,удаленно,"['1С', 'ERP', 'УПП']",Пермь,258000
2022,Июль,программист,lead,гибрид,"['1С', 'ERP', 'УПП']",Ростов,212000
2022,Июль,специалист,middle,офис,['1С'],Мир,138000
2022,Июль,тестировщик,middle,гибрид,"['1С', 'УТ']",Москва,140000
2022,Июль,руководитель,manager,гибрид,['1С'],Мир,200000
2022,Июль,разработчик,middle,офис,"['1С', 'СКД']",Россия,250000
2022,Июль,разработчик,middle,удаленно,"['1С', 'XML', 'JSON']",Москва,201000
2022,Июль,программист,middle,офис,['1С'],Владивосток,130000
2022,Июль,разработчик,middle,гибрид,"['1С', 'ERP', 'УПП', 'СКД']",Мир,140000
2022,Июль,аналитик,middle,гибрид,['1С'],Мир,215000
2022,Июль,аналитик,middle,гибрид,['1С'],Москва,190000
2022,Июль,аналитик,middle,гибрид,['1С'],Россия,250000
2022,Июль,разработчик,middle,удаленно,['1С'],Москва,109000
2022,Июль,разработчик,middle,офис,"['1С', 'БП']",Москва,158000
2022,Июль,программист,middle,удаленно,['1С'],Россия,126000
2022,Июль,консультант,middle,гибрид,"['1С', 'ERP', 'УПП', 'ЗУП', 'БП']",Москва,180000
2022,Июль,программист,manager,гибрид,"['1С', 'ERP', 'ЗУП', 'УТ']",Россия,201000
2022,Июль,аналитик,manager,гибрид,"['1С', 'ERP', 'УТ']",Москва,140000
2022,Июль,руководитель,manager,офис,"['1С', 'ERP']",Магнитогорск,262000
2022,Июль,программист,middle,офис,['1С'],Краснодар,175000
2022,Июль,программист,middle,гибрид,"['1С', 'УТ']",Санкт-Петербург,220000
2022,Июль,программист,middle,офис,"['1С', 'SQL', 'ЗУП', 'БП', 'УТ']",Москва,135000
2022,Июль,разработчик,middle,удаленно,['1С'],Мир,219000
2022,Июль,аналитик,manager,офис,"['1С', 'ERP']",Москва,225000
2022,Июль,аналитик,middle,гибкий,"['1С', 'ЗУП']",Москва,162000
2022,Июль,программист,middle,гибрид,"['1С', 'SQL', 'ERP', 'БП']",Мир,180000
2022,Июнь,разработчик,middle,гибрид,"['1С', 'ЗУП', 'УТ']",Москва,175000
2022,Июнь,программист,middle,гибрид,"['1С', 'SQL']",Нижний Новгород,140000
2022,Июнь,разработчик,middle,удаленно,"['1С', 'SQL', 'ЗУП', 'XML']",Россия,250000
2022,Июнь,программист,middle,удаленно,"['1С', 'СКД']",Москва,172000
2022,Июнь,программист,manager,офис,"['1С', 'ERP', 'УПП']",Мир,175000
2022,Июнь,программист,manager,гибрид,"['1С', 'УТ']",Екатеринбург,135000
2022,Июнь,программист,middle,удаленно,['1С'],Тюмень,138000
2022,Июнь,аналитик,middle,гибрид,"['1С', 'ERP']",Москва,25000
2022,Июнь,программист,middle,удаленно,"['1С', 'ЗУП', 'БП', 'УТ']",Москва,150000
2022,Июнь,аналитик,middle,офис,"['1С', 'ERP', 'УПП', 'ЗУП']",Москва,200000
2022,Июнь,разработчик,middle,гибрид,"['1С', 'SQL', 'ЗУП', 'БП', 'SOAP']",Россия,225000
2022,Июнь,программист,lead,удаленно,['1С'],Новосибирск,135000
2022,Июнь,разработчик,middle,гибрид,"['1С', 'ЗУП', 'XML', 'JSON']",Мир,205000
2022,Июнь,разработчик,lead,удаленно,"['1С', 'SQL', 'XML', 'JSON']",Новосибирск,175000
2022,Июнь,разработчик,lead,гибрид,['1С'],Уфа,175000
2022,Июнь,программист,lead,офис,['1С'],Владивосток,135000
2022,Июнь,программист,middle,гибрид,"['1С', 'УПП', 'ЗУП', 'БП']",Санкт-Петербург,158000
2022,Июнь,аналитик,manager,удаленно,"['1С', 'ERP']",Мир,200000
2022,Июнь,программист,middle,офис,['1С'],Россия,200000
2022,Июнь,программист,middle,гибрид,"['1С', 'ERP', 'УПП', 'ЗУП', 'БП', 'СКД']",Москва,175000
2022,Июнь,программист,middle,гибрид,"['1С', 'ЗУП']",Мир,131000
2022,Июнь,разработчик,middle,гибрид,"['1С', 'SQL', 'СКД']",Москва,192000
2022,Июнь,разработчик,middle,удаленно,"['1С', 'JavaScript']",Москва,325000
2022,Июнь,разработчик,middle,гибрид,"['1С', 'SQL']",Москва,225000
2022,Июнь,программист,middle,удаленно,"['1С', 'УПП', 'ЗУП']",Мир,225000
2022,Июнь,программист,middle,офис,"['1С', 'ЗУП']",Тюмень,110000
2022,Июнь,аналитик,lead,удаленно,['1С'],Россия,205000
2022,Июнь,архитектор,lead,гибкий,['1С'],Москва,275000
2022,Июнь,программист,lead,удаленно,['1С'],Москва,225000
2022,Июнь,программист,lead,гибрид,"['1С', 'СКД']",Мир,188000
2022,Июнь,разработчик,middle,офис,['1С'],Московский,212000
2022,Май,руководитель,manager,удаленно,"['1С', 'ERP', 'УТ']",Россия,225000
2022,Май,программист,lead,офис,"['1С', 'ERP', 'УТ']",Санкт-Петербург,250000
2022,Май,аналитик,lead,удаленно,['1С'],Россия,210000
2022,Май,разработчик,middle,офис,"['1С', 'ERP', 'УПП', 'ЗУП']",Московский,157000
2022,Май,разработчик,middle,гибрид,"['1С', 'SQL']",Санкт-Петербург,16000
2022,Май,разработчик,middle,удаленно,"['1С', 'ERP', 'ЗУП']",Мир,200000
2022,Май,программист,middle,гибрид,['1С'],Россия,16000
2022,Май,аналитик,middle,гибрид,"['1С', 'ERP', 'БП', 'УТ']",Москва,175000
2022,Май,аналитик,middle,удаленно,['1С'],Россия,219000
2022,Май,программист,middle,гибкий,['1С'],Москва,250000
2022,Май,программист,lead,гибрид,"['1С', 'УПП', 'ЗУП', 'БП', 'SOAP']",Россия,215000
2022,Май,аналитик,lead,удаленно,"['1С', 'ЗУП', 'БП']",Сочи,130000
2022,Май,аналитик,middle,гибрид,"['1С', 'ЗУП']",Россия,225000
2022,Май,консультант,senior,удаленно,['1С'],Россия,105000
2022,Май,разработчик,middle,удаленно,"['1С', 'УПП', 'ЗУП']",Россия,125000
2022,Май,разработчик,middle,удаленно,"['1С', 'УПП']",Новосибирск,135000
2022,Май,программист,middle,удаленно,"['1С', 'ERP', 'УПП']",Россия,175000
2022,Май,программист,middle,удаленно,"['1С', 'ERP', 'УТ']",Россия,200000
2022,Май,разработчик,junior,офис,"['1С', 'SQL']",Москва,96000
2022,Май,аналитик,junior,гибрид,"['1С', 'ERP']",Москва,250000
2022,Апрель,программист,middle,офис,"['1С', 'СКД']",Москва,50000
2022,Апрель,разработчик,middle,гибрид,"['1С', 'SQL', 'ERP', 'XML', 'JSON']",Москва,131000
2022,Апрель,аналитик,junior,офис,['1С'],Санкт-Петербург,88000
2022,Апрель,программист,middle,гибрид,"['1С', 'ЗУП', 'СКД']",Мир,188000
2022,Апрель,специалист,middle,офис,"['1С', 'ERP']",Казань,185000
2022,Апрель,программист,middle,гибрид,"['1С', 'ЗУП']",Мир,188000
2022,Апрель,архитектор,lead,гибрид,"['1С', 'SQL']",Москва,346000
2022,Апрель,разработчик,middle,офис,"['1С', 'ЗУП']",Семёнов,175000
2022,Апрель,программист,lead,удаленно,"['1С', 'ERP', 'ЗУП', 'БП', 'УТ']",Россия,212000
2022,Апрель,программист,lead,гибкий,"['1С', 'УПП']",Мир,135000
2022,Апрель,программист,lead,офис,"['1С', 'ЗУП', 'БП', 'УТ']",Москва,225000
2022,Апрель,программист,lead,офис,"['1С', 'ERP', 'ЗУП', 'БП', 'УТ', 'СКД']",Московский,165000
2022,Апрель,программист,lead,гибкий,"['1С', 'ERP', 'ЗУП']",Казань,188000
2022,Апрель,программист,lead,гибрид,['1С'],Москва,125000
2022,Апрель,специалист,middle,удаленно,['1С'],Россия,212000
2022,Апрель,специалист,middle,гибрид,"['1С', 'SQL', 'УТ', 'SOAP']",Москва,300000
2022,Апрель,разработчик,middle,офис,['1С'],Мир,131000
2022,Апрель,программист,middle,офис,"['1С', 'ERP', 'ЗУП', 'БП', 'СКД']",Новосибирск,219000
2022,Апрель,программист,lead,гибрид,"['1С', 'УТ']",Москва,200000
2022,Апрель,консультант,middle,офис,"['1С', 'ERP']",Москва,165000
2022,Апрель,программист,middle,гибкий,"['1С', 'ERP', 'REST API', 'ADODB']",Воронеж,170000
2022,Апрель,специалист,middle,офис,"['1С', 'СКД']",Москва,175000
2022,Апрель,аналитик,middle,гибрид,['1С'],Москва,188000
2022,Апрель,программист,middle,удаленно,"['1С', 'SQL', 'ЗУП', 'УТ', 'СКД']",Москва,262000
2022,Апрель,программист,middle,офис,"['1С', 'ERP', 'ЗУП', 'УТ', 'СКД']",Волгоград,142000
2022,Апрель,программист,manager,удаленно,"['1С', 'БП']",Санкт-Петербург,188000
2022,Апрель,разработчик,manager,удаленно,"['1С', 'ЗУП']",Мир,225000
2022,Апрель,аналитик,manager,офис,"['1С', 'ERP', 'УПП', 'УТ']",Мир,225000
2022,Апрель,аналитик,junior,удаленно,"['1С', 'ERP', 'УТ']",Москва,105000
2022,Апрель,эксперт,junior,удаленно,"['1С', 'SQL']",Москва,375000
2022,Апрель,программист,junior,офис,"['1С', 'ЗУП']",Троицк,150000
2022,Апрель,аналитик,manager,гибрид,"['1С', 'ERP']",Москва,250000
2022,Апрель,разработчик,manager,офис,"['ERP', 'ЗУП']",Санкт-Петербург,150000
2022,Апрель,разработчик,manager,удаленно,['1С'],Мир,158000
2022,Апрель,тестировщик,manager,гибрид,['1С'],Москва,160000
2022,Апрель,аналитик,lead,офис,"['1С', 'ERP']",Санкт-Петербург,166000
2022,Апрель,разработчик,lead,удаленно,['1С'],Мир,150000
2022,Апрель,архитектор,manager,гибрид,"['1С', 'ERP']",Москва,312000
2022,Апрель,разработчик,manager,удаленно,['1С'],Мир,158000
2022,Апрель,аналитик,middle,гибрид,"['1С', 'ERP', 'УТ']",Самара,537000
2022,Апрель,программист,middle,офис,"['1С', 'ERP', 'УТ']",Пионерский,200000
2022,Март,аналитик,middle,офис,"['1С', 'ЗУП', 'БП']",Санкт-Петербург,225000
2022,Март,разработчик,middle,гибкий,"['1С', 'УТ']",Россия,180000
2022,Март,программист,lead,удаленно,"['1С', 'ERP', 'БП', 'УТ']",Россия,219000
2022,Март,программист,middle,гибкий,"['1С', 'ERP']",Екатеринбург,175000
2022,Март,программист,lead,гибрид,['1С'],Москва,185000
2022,Март,аналитик,middle,удаленно,"['1С', 'УТ']",Санкт-Петербург,188000
2022,Март,разработчик,middle,удаленно,"['1С', 'ERP', 'УПП']",Ростов,175000
2022,Март,аналитик,middle,гибрид,['1С'],Россия,27000
2022,Март,аналитик,middle,удаленно,"['1С', 'ERP', 'УТ']",Москва,188000
2022,Март,разработчик,middle,удаленно,"['1С', 'СКД']",Новокузнецк,125000
2022,Март,программист,middle,гибрид,"['1С', 'ЗУП']",Россия,40000
2022,Март,программист,middle,удаленно,"['1С', 'УТ']",Мир,160000
2022,Март,разработчик,middle,офис,"['1С', 'JavaScript', 'HTML', 'CSS']",Пермь,180000
2022,Март,разработчик,middle,удаленно,"['1С', 'SQL', 'СКД', 'XML', 'JSON']",Тула,160000
2022,Март,руководитель,manager,офис,"['1С', 'ЗУП', 'БП', 'УТ', 'XML', 'JSON', 'SOAP']",Москва,262000
2022,Март,разработчик,junior,офис,['1С'],Новосибирск,110000
2022,Март,архитектор,manager,офис,"['1С', 'ERP']",Москва,228000
2022,Март,разработчик,middle,офис,"['1С', 'ERP', 'УПП', 'ЗУП', 'УТ']",Москва,871000
2022,Март,программист,lead,гибрид,"['1С', 'ERP', 'УПП']",Новосибирск,155000
2022,Март,программист,manager,гибрид,"['1С', 'СКД', 'XML']",Москва,195000
2022,Март,программист,manager,удаленно,['1С'],Мир,200000
2022,Март,аналитик,manager,гибрид,"['1С', 'ЗУП']",Москва,160000
2022,Март,программист,lead,удаленно,['1С'],Россия,225000
2022,Март,аналитик,lead,офис,"['1С', 'ERP', 'УПП', 'ЗУП', 'БП']",Россия,13000
2022,Март,архитектор,lead,офис,"['1С', 'ERP', 'ЗУП']",Мир,275000
2022,Февраль,аналитик,manager,гибрид,['1С'],Москва,215000
2022,Февраль,программист,middle,удаленно,"['1С', 'ERP', 'XML', 'JSON', 'SOAP']",Россия,180000
2022,Февраль,разработчик,senior,удаленно,['1С'],Москва,175000
2022,Февраль,аналитик,lead,офис,"['1С', 'ERP', 'ЗУП']",Краснодар,130000
2022,Февраль,аналитик,middle,гибрид,['1С'],Москва,109000
2022,Февраль,разработчик,middle,офис,"['1С', 'ERP', 'ЗУП']",Москва,250000
2022,Февраль,консультант,middle,офис,"['1С', 'УТ', 'СКД']",Светлый,140000
2022,Февраль,программист,middle,гибрид,['1С'],Москва,175000
2022,Февраль,администратор,manager,удаленно,"['1С', 'SQL']",Мир,175000
2022,Февраль,аналитик,manager,гибрид,"['1С', 'ERP', 'УТ']",Казань,138000
2022,Февраль,аналитик,manager,гибрид,"['1С', 'ERP']",Россия,165000
2022,Февраль,программист,middle,офис,"['1С', 'УПП', 'ЗУП']",Россия,162000
2022,Февраль,консультант,lead,гибрид,"['1С', 'ERP']",Москва,175000
2022,Февраль,программист,middle,офис,"['1С', 'SQL', 'ЗУП', 'БП', 'УТ', 'СКД']",Ростов,128000
2022,Февраль,программист,lead,удаленно,"['1С', 'SQL', 'XML', 'JSON']",Россия,175000
2022,Февраль,разработчик,middle,удаленно,"['1С', 'ERP', 'УПП', 'СКД']",Россия,175000
2022,Февраль,программист,middle,гибрид,"['1С', 'ЗУП', 'БП']",Красноярск,126000
2022,Февраль,разработчик,senior,гибрид,"['1С', 'ERP', 'ЗУП']",Москва,225000
2022,Февраль,стажер,senior,офис,['1С'],Челябинск,50000
2022,Февраль,консультант,senior,офис,['1С'],Мир,250000
2022,Февраль,программист,middle,удаленно,"['1С', 'ERP', 'ЗУП', 'УТ']",Москва,140000
2022,Февраль,программист,middle,офис,"['1С', 'ЗУП', 'БП', 'УТ', 'СКД', 'XML', 'JSON']",Москва,250000
2022,Февраль,разработчик,middle,офис,"['1С', 'ERP', 'ЗУП']",Москва,110000
2022,Февраль,разработчик,middle,гибрид,"['1С', 'ERP', 'УПП', 'СКД']",Санкт-Петербург,138000
2022,Февраль,аналитик,lead,гибрид,"['1С', 'ERP', 'УТ']",Москва,219000
2022,Февраль,программист,lead,гибрид,"['1С', 'XML']",Москва,300000
2022,Февраль,разработчик,lead,удаленно,"['1С', 'SQL', 'ERP']",Казань,219000
2022,Февраль,аналитик,lead,гибрид,"['1С', 'ЗУП']",Санкт-Петербург,188000
2022,Январь,разработчик,middle,удаленно,"['1С', 'ERP', 'ЗУП', 'УТ', 'SOAP']",Красноярск,158000
2022,Январь,консультант,senior,офис,"['1С', 'ERP', 'УТ']",Москва,150000
2022,Январь,специалист,junior,офис,"['1С', 'ERP', 'УТ']",Москва,105000
2022,Январь,эксперт,junior,удаленно,"['1С', 'SQL']",Москва,250000
2022,Январь,консультант,senior,гибрид,"['1С', 'ERP', 'УПП', 'БП']",Москва,150000
2022,Январь,программист,lead,гибрид,"['1С', 'ERP', 'БП', 'УТ', 'СКД']",Санкт-Петербург,190000
2022,Январь,программист,lead,удаленно,['1С'],Москва,150000
2022,Январь,консультант,lead,удаленно,"['1С', 'ERP']",Мир,175000
2022,Январь,консультант,middle,удаленно,"['1С', 'ЗУП']",Москва,120000
2022,Январь,администратор,middle,удаленно,['1С'],Россия,175000
2022,Январь,программист,middle,удаленно,"['1С', 'ERP', 'УТ']",Россия,158000
2022,Январь,эксперт,middle,удаленно,"['1С', 'Java']",Мир,312000
2022,Январь,аналитик,senior,гибрид,"['1С', 'ERP', 'ЗУП', 'БП']",Россия,150000
2022,Январь,программист,middle,удаленно,['1С'],Московский,175000
2022,Январь,разработчик,senior,удаленно,['1С'],Москва,225000
2022,Январь,разработчик,middle,гибрид,"['1С', 'БП']",Москва,180000
2022,Январь,программист,middle,офис,['1С'],Нижний Новгород,170000
2022,Январь,программист,middle,удаленно,"['1С', 'ERP', 'УТ', 'СКД']",Мир,62000
2022,Январь,программист,middle,удаленно,['1С'],Краснодар,140000
2022,Январь,разработчик,middle,удаленно,"['1С', 'ЗУП', 'БП']",Москва,159000
2022,Январь,программист,middle,гибрид,"['1С', 'ERP']",Мир,200000
2022,Январь,программист,middle,офис,"['1С', 'БП', 'УТ']",Россия,138000
2021,Декабрь,тестировщик,senior,удаленно,"['1С', 'ERP', 'ЗУП', 'УТ']",Москва,150000
2021,Декабрь,разработчик,junior,офис,"['1С', 'Python', 'JavaScript', 'HTML', 'CSS', 'React']",Омск,158000
2021,Декабрь,руководитель,lead,гибкий,"['1С', 'УТ']",Мир,250000
2021,Декабрь,программист,lead,удаленно,"['1С', 'SQL', 'ERP']",Москва,212000
2021,Декабрь,специалист,middle,офис,"['1С', 'ЗУП']",Мир,170000
2021,Декабрь,программист,lead,офис,"['1С', 'ERP', 'УПП', 'УТ', 'СКД', 'XML', 'JSON', 'SOAP']",Нижний Новгород,170000
2021,Декабрь,программист,middle,офис,"['1С', 'ЗУП']",Пермь,13000
2021,Декабрь,разработчик,middle,удаленно,['1С'],Омск,170000
2021,Декабрь,разработчик,middle,гибрид,['1С'],Мир,150000
2021,Декабрь,программист,middle,офис,"['1С', 'ЗУП']",Мир,125000
2021,Декабрь,аналитик,middle,удаленно,"['1С', 'ЗУП', 'УТ']",Кострома,96000
2021,Декабрь,программист,middle,удаленно,"['1С', 'SQL', 'HTML', 'CSS', 'XML', 'JSON']",Мир,125000
2021,Декабрь,программист,middle,офис,['1С'],Санкт-Петербург,140000
2021,Декабрь,разработчик,lead,офис,"['1С', 'ЗУП']",Москва,250000
2021,Декабрь,аналитик,middle,удаленно,['1С'],Москва,170000
2021,Декабрь,разработчик,middle,удаленно,"['1С', 'ERP', 'УПП', 'ЗУП', 'SOAP']",Москва,145000
2021,Декабрь,разработчик,lead,офис,"['1С', 'ЗУП']",Москва,200000
2021,Декабрь,программист,manager,гибрид,['1С'],Москва,172000
2021,Декабрь,программист,middle,удаленно,['1С'],Мир,160000
2021,Ноябрь,аналитик,middle,гибрид,"['1С', 'ERP', 'ЗУП', 'БП']",Россия,126000
2021,Ноябрь,программист,manager,удаленно,['1С'],Москва,150000
2021,Ноябрь,программист,lead,офис,"['1С', 'ERP', 'УТ', 'СКД']",Москва,188000
2021,Ноябрь,аналитик,middle,удаленно,"['1С', 'ERP', 'УПП']",Россия,266000
2021,Ноябрь,программист,middle,удаленно,"['1С', 'SQL', 'JSON', 'REST API']",Подольск,125000
2021,Ноябрь,аналитик,middle,удаленно,"['1С', 'ERP', 'УПП', 'УТ']",Москва,200000
2021,Ноябрь,консультант,middle,гибкий,"['1С', 'ERP']",Москва,166000
2021,Ноябрь,программист,senior,удаленно,"['1С', 'СКД']",Свободный,600000
2021,Ноябрь,программист,middle,офис,"['1С', 'ERP', 'УПП', 'ЗУП', 'УТ']",Москва,150000
2021,Ноябрь,консультант,middle,гибкий,"['1С', 'ERP', 'ЗУП', 'УТ']",Мытищи,115000
2021,Ноябрь,программист,middle,удаленно,"['1С', 'SQL', 'ЗУП', 'БП', 'УТ', 'СКД']",Москва,140000
2021,Ноябрь,программист,manager,гибрид,"['1С', 'ЗУП']",Москва,182000
2021,Ноябрь,специалист,middle,гибрид,"['1С', 'ERP', 'ЗУП']",Россия,200000
2021,Ноябрь,программист,middle,офис,"['1С', 'УТ']",Московский,162000
2021,Ноябрь,программист,middle,гибрид,"['1С', 'ЗУП']",Москва,160000
2021,Ноябрь,программист,middle,офис,"['1С', 'SQL']",Россия,166000
2021,Ноябрь,аналитик,senior,офис,"['1С', 'JSON', 'SOAP']",Москва,160000
2021,Ноябрь,аналитик,manager,офис,"['1С', 'ERP', 'УТ']",Мир,175000
2021,Ноябрь,эксперт,manager,офис,['1С'],Мир,250000
2021,Октябрь,разработчик,middle,удаленно,"['1С', 'ЗУП', 'JSON']",Москва,192000
2021,Октябрь,аналитик,lead,офис,"['1С', 'УПП', 'ЗУП']",Санкт-Петербург,130000
2021,Октябрь,разработчик,manager,удаленно,"['1С', 'ERP', 'УПП']",Москва,160000
2021,Октябрь,аналитик,manager,удаленно,['1С'],Россия,175000
2021,Октябрь,разработчик,middle,удаленно,['1С'],Москва,145000
2021,Октябрь,консультант,lead,удаленно,"['1С', 'ERP']",Москва,158000
2021,Октябрь,аналитик,lead,удаленно,['1С'],Москва,175000
2021,Октябрь,тимлид,lead,офис,['1С'],Россия,195000
2021,Октябрь,программист,middle,гибрид,"['1С', 'ERP', 'СКД']",Иваново,188000
2021,Октябрь,архитектор,lead,офис,['1С'],Москва,250000
2021,Октябрь,программист,middle,удаленно,['1С'],Мир,155000
2021,Октябрь,разработчик,middle,гибрид,"['1С', 'ERP']",Калининград,162000
2021,Октябрь,программист,middle,офис,['1С'],Нижний Новгород,250000
2021,Октябрь,программист,middle,удаленно,"['1С', 'ERP']",Мир,200000
2021,Октябрь,программист,middle,офис,"['1С', 'ЗУП']",Россия,219000
2021,Октябрь,разработчик,senior,удаленно,"['1С', 'ЗУП']",Россия,225000
2021,Октябрь,разработчик,senior,гибрид,"['1С', 'БП', 'УТ']",Москва,225000
2021,Октябрь,специалист,middle,удаленно,"['1С', 'СКД']",Мир,135000
2021,Октябрь,программист,middle,гибкий,"['1С', 'JSON']",Москва,188000
2021,Октябрь,аналитик,middle,удаленно,['1С'],Россия,160000
2021,Октябрь,программист,middle,удаленно,"['1С', 'УПП']",Мытищи,250000
2021,Октябрь,программист,lead,гибрид,"['1С', 'ERP', 'ЗУП', 'БП']",Санкт-Петербург,175000
2021,Октябрь,консультант,middle,удаленно,"['1С', 'ERP']",Отрадный,200000
2021,Октябрь,программист,lead,удаленно,['1С'],Москва,188000
2021,Октябрь,аналитик,lead,офис,"['1С', 'ERP', 'УТ']",Москва,188000
2021,Октябрь,разработчик,middle,гибкий,"['1С', 'ЗУП', 'SOAP']",Москва,212000
2021,Сентябрь,программист,middle,гибкий,"['1С', 'ERP']",Мир,215000
2021,Сентябрь,аналитик,middle,гибрид,['1С'],Москва,150000
2021,Сентябрь,программист,lead,удаленно,"['1С', 'ЗУП']",Москва,175000
2021,Сентябрь,аналитик,middle,офис,"['1С', 'ERP', 'XML', 'JSON']",Москва,180000
2021,Сентябрь,программист,lead,удаленно,"['1С', 'ЗУП', 'БП']",Мир,126000
2021,Сентябрь,программист,middle,офис,"['1С', 'ЗУП']",Москва,160000
2021,Сентябрь,разработчик,middle,офис,"['1С', 'SQL', 'ЗУП']",Магадан,122000
2021,Сентябрь,разработчик,middle,гибрид,"['1С', 'ЗУП', 'УТ']",Пермь,110000
2021,Сентябрь,аналитик,middle,удаленно,['1С'],Москва,175000
2021,Сентябрь,программист,middle,удаленно,"['1С', 'ЗУП']",Россия,131000
2021,Сентябрь,разработчик,lead,гибкий,"['1С', 'ERP', 'УПП', 'ЗУП']",Екатеринбург,131000
2021,Сентябрь,разработчик,middle,гибрид,"['1С', 'SQL']",Москва,188000
2021,Сентябрь,консультант,senior,удаленно,"['1С', 'ЗУП']",Россия,185000
2021,Сентябрь,специалист,middle,офис,['1С'],Россия,125000
2021,Сентябрь,архитектор,lead,удаленно,"['1С', 'ERP']",Казань,190000
2021,Сентябрь,программист,lead,удаленно,"['1С', 'ERP', 'УПП', 'ЗУП']",Санкт-Петербург,130000
2021,Сентябрь,аналитик,middle,удаленно,"['1С', 'ERP']",Абакан,188000
2021,Сентябрь,разработчик,middle,удаленно,"['1С', 'ЗУП']",Красноярск,105000
2021,Сентябрь,специалист,middle,офис,"['1С', 'ЗУП']",Москва,250000
2021,Сентябрь,аналитик,lead,офис,"['1С', 'ERP']",Москва,175000
2021,Сентябрь,консультант,junior,гибрид,['1С'],Москва,125000
2021,Сентябрь,аналитик,middle,офис,"['1С', 'ERP']",Санкт-Петербург,120000
2021,Август,аналитик,middle,удаленно,"['1С', 'ERP']",Мир,160000
2021,Август,разработчик,junior,гибрид,"['1С', 'СКД', 'XML', 'JSON']",Москва,150000
2021,Август,консультант,senior,офис,['1С'],Россия,100000
2021,Август,программист,manager,офис,['1С'],Московский,150000
2021,Август,консультант,senior,офис,"['1С', 'ERP', 'ЗУП']",Россия,110000
2021,Август,программист,lead,офис,"['1С', 'ERP', 'СКД']",Россия,110000
2021,Август,программист,middle,офис,"['1С', 'БП', 'SOAP']",Москва,625000
2021,Август,программист,lead,гибкий,"['1С', 'SQL', 'СКД']",Москва,170000
2021,Август,разработчик,manager,офис,['1С'],Москва,312000
2021,Август,тестировщик,lead,офис,['1С'],Москва,162000
2021,Август,программист,middle,удаленно,"['1С', 'ERP']",Нижний Новгород,162000
2021,Август,программист,middle,офис,['1С'],Москва,150000
2021,Август,программист,middle,гибрид,['1С'],Калининград,88000
2021,Август,программист,middle,гибкий,"['1С', 'ЗУП', 'БП', 'XML', 'JSON']",Москва,188000
2021,Август,программист,middle,офис,"['1С', 'ЗУП']",Казань,131000
2021,Август,аналитик,middle,удаленно,"['1С', 'ERP', 'УТ']",Москва,150000
2021,Август,программист,middle,офис,['1С'],Москва,175000
2021,Август,аналитик,senior,удаленно,"['1С', 'ERP', 'ЗУП']",Москва,155000
2021,Август,консультант,lead,офис,"['1С', 'ERP']",Москва,802000
2021,Август,разработчик,lead,офис,"['1С', 'ERP', 'СКД']",Москва,192000
2021,Август,аналитик,manager,офис,"['1С', 'БП']",Россия,250000
2021,Июль,программист,middle,удаленно,['1С'],Мир,80000
2021,Июль,программист,lead,офис,"['1С', 'ERP']",Россия,145000
2021,Июль,разработчик,lead,офис,"['1С', 'ERP', 'УТ', 'REST API', 'SOAP']",Мир,155000
2021,Июль,аналитик,lead,офис,"['1С', 'ERP', 'ЗУП']",Московский,115000
2021,Июль,разработчик,lead,офис,"['1С', 'ERP', 'УПП', 'УТ']",Москва,215000
2021,Июль,аналитик,lead,офис,"['1С', 'ERP', 'УПП', 'БП']",Москва,155000
2021,Июль,аналитик,lead,офис,"['1С', 'ERP', 'ЗУП', 'УТ']",Москва,188000
2021,Июль,программист,middle,офис,['SQL'],Россия,262000
2021,Июль,разработчик,junior,гибрид,"['1С', 'ERP', 'УПП']",Мир,195000
2021,Июль,программист,middle,офис,"['1С', 'ERP']",Московский,135000
2021,Июль,разработчик,middle,удаленно,['1С'],Москва,262000
2021,Июль,разработчик,middle,офис,"['1С', 'ERP', 'УПП', 'БП', 'УТ']",Москва,175000
2021,Июль,разработчик,middle,удаленно,"['1С', 'ЗУП']",Красноярск,88000
2021,Июль,программист,middle,офис,"['1С', 'SQL']",Москва,219000
2021,Июль,методолог,middle,офис,"['1С', 'ЗУП']",Пермь,12000
2021,Июль,аналитик,middle,удаленно,"['1С', 'ERP']",Россия,195000
2021,Июль,разработчик,middle,удаленно,"['1С', 'SQL', 'УТ', 'XML']",Мир,195000
2021,Июль,программист,manager,офис,"['1С', 'ЗУП', 'БП', 'СКД']",Ростов,188000
2021,Июль,программист,middle,удаленно,"['1С', 'ЗУП', 'БП', 'СКД']",Москва,200000
2021,Июль,тестировщик,middle,удаленно,['1С'],Москва,125000
2021,Июль,программист,middle,офис,['1С'],Краснодар,80000
2021,Июль,программист,middle,офис,"['1С', 'ЗУП']",Москва,175000
2021,Июль,разработчик,middle,офис,"['1С', 'УТ', 'СКД']",Казань,212000
2021,Июль,аналитик,middle,офис,"['1С', 'ERP']",Санкт-Петербург,188000
2021,Июль,программист,middle,офис,"['1С', 'SQL', 'СКД', 'XML']",Воронеж,1000000
2021,Июль,консультант,middle,офис,"['1С', 'ERP', 'УПП']",Москва,165000
2021,Июль,программист,middle,офис,"['1С', 'ERP']",Москва,125000
2021,Июль,программист,middle,гибкий,"['1С', 'SQL', 'СКД']",Москва,170000
2021,Июнь,программист,middle,офис,"['1С', 'СКД']",Казань,80000
2021,Июнь,разработчик,middle,офис,"['1С', 'ЗУП']",Мир,150000
2021,Июнь,разработчик,middle,удаленно,"['1С', 'УПП', 'УТ']",Москва,175000
2021,Июнь,аналитик,manager,удаленно,"['1С', 'ERP']",Россия,200000
2021,Июнь,программист,lead,офис,"['1С', 'СКД']",Иркутск,250000
2021,Июнь,разработчик,middle,удаленно,"['1С', 'ERP', 'УПП', 'СКД']",Москва,160000
2021,Июнь,программист,manager,офис,"['1С', 'SQL']",Москва,201000
2021,Июнь,архитектор,senior,удаленно,['1С'],Россия,162000
2021,Июнь,программист,senior,удаленно,"['1С', 'ЗУП']",Москва,153000
2021,Июнь,программист,manager,удаленно,"['1С', 'ERP']",Мир,105000
2021,Июнь,программист,middle,удаленно,"['1С', 'SQL', 'СКД']",Кострома,125000
2021,Июнь,эксперт,middle,офис,"['1С', 'ЗУП', 'БП', 'УТ']",Мир,109000
2021,Июнь,разработчик,middle,удаленно,"['1С', 'SQL', 'ERP', 'БП', 'УТ', 'СКД']",Мир,155000
2021,Июнь,программист,middle,удаленно,"['1С', 'ERP', 'ЗУП', 'БП', 'УТ', 'СКД']",Москва,215000
2021,Июнь,программист,lead,гибкий,"['1С', 'XML']",Мир,175000
2021,Июнь,разработчик,junior,удаленно,['1С'],Пермь,88000
2021,Май,программист,middle,офис,"['1С', 'ЗУП', 'УТ', 'СКД']",Мир,180000
2021,Май,специалист,middle,офис,"['1С', 'УПП', 'ЗУП', 'БП']",Россия,88000
2021,Май,специалист,middle,офис,['1С'],Москва,130000
2021,Май,методолог,lead,офис,"['1С', 'ERP', 'ЗУП']",Москва,200000
2021,Май,программист,middle,гибрид,"['1С', 'СКД']",Россия,138000
2021,Май,программист,middle,офис,"['1С', 'УПП', 'ЗУП', 'БП', 'СКД']",Москва,125000
2021,Май,программист,junior,удаленно,"['1С', 'СКД']",Ростов,88000
2021,Май,программист,middle,офис,"['1С', 'ERP']",Москва,188000
2021,Май,разработчик,lead,офис,"['1С', 'ERP', 'УПП', 'ЗУП', 'БП']",Новосибирск,131000
2021,Май,разработчик,middle,удаленно,['1С'],Россия,150000
2021,Май,специалист,middle,офис,['1С'],Казань,105000
2021,Май,программист,middle,офис,"['1С', 'ERP', 'УПП', 'ЗУП', 'БП']",Воронеж,105000
2021,Май,аналитик,middle,офис,"['1С', 'ЗУП', 'УТ']",Москва,175000
2021,Май,аналитик,lead,удаленно,"['1С', 'ERP', 'УПП']",Мир,110000
2021,Май,разработчик,middle,удаленно,"['1С', 'SQL', 'JavaScript']",Мир,155000
2021,Май,программист,senior,офис,"['1С', 'SQL', 'ERP', 'ЗУП', 'БП', 'СКД']",Москва,135000
2021,Апрель,консультант,middle,удаленно,"['1С', 'ERP', 'УПП']",Россия,88000
2021,Апрель,консультант,middle,офис,"['1С', 'УТ']",Москва,215000
2021,Апрель,аналитик,middle,офис,"['1С', 'ERP', 'УПП']",Москва,210000
2021,Апрель,программист,lead,офис,"['1С', 'СКД']",Москва,175000
2021,Апрель,разработчик,lead,офис,"['1С', 'ЗУП', 'БП', 'УТ']",Россия,145000
2021,Апрель,разработчик,middle,удаленно,['1С'],Санкт-Петербург,162000
2021,Апрель,архитектор,middle,офис,['1С'],Москва,235000
2021,Апрель,разработчик,middle,офис,"['1С', 'СКД']",Москва,104000
2021,Апрель,программист,middle,офис,"['1С', 'ERP']",Москва,114000
2021,Апрель,программист,middle,удаленно,['1С'],Россия,135000
2021,Апрель,администратор,middle,офис,['1С'],Москва,1005000
2021,Апрель,программист,middle,удаленно,"['1С', 'УПП', 'СКД']",Москва,125000
2021,Апрель,аналитик,middle,удаленно,"['1С', 'ERP']",Москва,150000
2021,Апрель,разработчик,middle,офис,"['1С', 'ЗУП', 'БП', 'УТ', 'SOAP']",Москва,188000
2021,Апрель,разработчик,middle,удаленно,['1С'],Москва,155000
2021,Апрель,разработчик,middle,офис,"['1С', 'ERP', 'УТ']",Москва,140000
2021,Апрель,программист,middle,офис,"['1С', 'ЗУП']",Мир,70000
2021,Апрель,программист,middle,удаленно,"['1С', 'SQL']",Москва,85000
2021,Апрель,аналитик,middle,удаленно,"['1С', 'ERP', 'ЗУП', 'БП', 'УТ']",Москва,180000
2021,Апрель,аналитик,middle,удаленно,"['1С', 'ERP', 'ЗУП']",Москва,150000
2021,Март,программист,junior,офис,"['1С', 'УТ']",Москва,42000
2021,Март,программист,middle,офис,"['1С', 'БП', 'УТ']",Казань,125000
2021,Март,аналитик,middle,удаленно,"['1С', 'УТ']",Москва,120000
2021,Март,программист,middle,удаленно,"['1С', 'БП']",Москва,145000
2021,Март,разработчик,lead,офис,['1С'],Москва,158000
2021,Март,программист,lead,удаленно,"['1С', 'УПП', 'ЗУП', 'БП', 'УТ']",Москва,206000
2021,Март,разработчик,senior,удаленно,"['1С', 'ЗУП', 'БП']",Москва,205000
2021,Март,программист,middle,удаленно,"['1С', 'ERP', 'УТ', 'СКД']",Москва,131000
2021,Март,разработчик,middle,офис,"['1С', 'ERP']",Москва,200000
2021,Март,программист,middle,офис,"['1С', 'ERP', 'БП']",Самара,105000
2021,Март,разработчик,middle,удаленно,"['1С', 'ERP', 'СКД']",Москва,158000
2021,Март,консультант,lead,удаленно,"['1С', 'ERP', 'УПП']",Москва,162000
2021,Март,разработчик,junior,удаленно,['1С'],Пермь,61000
2021,Март,программист,lead,офис,"['1С', 'СКД']",Москва,160000
2021,Март,разработчик,middle,удаленно,"['1С', 'ЗУП', 'БП', 'УТ']",Красноярск,105000
2021,Март,программист,middle,удаленно,['1С'],Россия,138000
2021,Март,консультант,middle,офис,"['1С', 'УТ']",Москва,188000
2021,Март,программист,middle,удаленно,"['1С', 'УТ', 'СКД']",Москва,184000
2021,Март,разработчик,middle,удаленно,['1С'],Москва,210000
2021,Март,руководитель,manager,офис,"['1С', 'ERP']",Россия,188000
2021,Март,разработчик,middle,удаленно,"['1С', 'УТ', 'REST API']",Москва,190000
2021,Март,программист,manager,удаленно,"['1С', 'ERP', 'УПП', 'УТ', 'СКД']",Москва,245000
2021,Март,методолог,middle,офис,"['1С', 'ЗУП']",Казань,125000
2021,Март,аналитик,middle,удаленно,"['1С', 'ERP', 'УТ']",Москва,38000
2021,Март,аналитик,middle,офис,"['1С', 'ЗУП']",Москва,188000
2021,Март,менеджер,lead,офис,['1С'],Москва,60000
2021,Март,разработчик,lead,удаленно,['1С'],Россия,219000
2021,Февраль,программист,middle,офис,"['1С', 'УТ']",Санкт-Петербург,120000
2021,Февраль,программист,middle,удаленно,"['1С', 'ERP']",Новосибирск,110000
2021,Февраль,архитектор,lead,удаленно,"['1С', 'ERP']",Москва,235000
2021,Февраль,аналитик,lead,офис,"['1С', 'ЗУП', 'БП', 'УТ']",Москва,100000
2021,Февраль,программист,lead,офис,"['1С', 'SQL', 'XML', 'JSON', 'SOAP']",Москва,190000
2021,Февраль,аналитик,lead,удаленно,['1С'],Москва,175000
2021,Февраль,аналитик,middle,офис,['1С'],Санкт-Петербург,88000
2021,Февраль,программист,lead,офис,"['1С', 'ERP', 'УПП']",Екатеринбург,120000
2021,Февраль,программист,middle,удаленно,"['1С', 'SQL', 'ERP', 'УТ', 'СКД']",Щёлково,145000
2021,Февраль,программист,middle,офис,"['1С', 'ЗУП', 'БП']",Мир,115000
2021,Февраль,программист,lead,удаленно,"['1С', 'СКД']",Москва,80000
2021,Февраль,программист,middle,удаленно,"['1С', 'ERP', 'БП', 'УТ', 'SOAP']",Мир,28000
2021,Февраль,разработчик,middle,удаленно,['1С'],Россия,162000
2021,Февраль,программист,middle,офис,"['1С', 'ERP', 'ЗУП', 'БП']",Санкт-Петербург,150000
2021,Февраль,программист,middle,офис,"['1С', 'SQL', 'XML', 'JSON']",Новосибирск,105000
2021,Февраль,программист,middle,гибкий,"['1С', 'ERP']",Россия,135000
2021,Февраль,программист,middle,гибкий,"['1С', 'СКД']",Санкт-Петербург,125000
2021,Январь,программист,middle,офис,"['1С', 'УПП', 'ЗУП', 'БП', 'СКД']",Воронеж,100000
2021,Январь,программист,lead,офис,"['1С', 'СКД']",Москва,162000
2021,Январь,программист,middle,удаленно,['1С'],Мир,150000
2021,Январь,специалист,middle,удаленно,"['1С', 'ERP', 'УПП', 'ЗУП', 'УТ', 'СКД']",Мир,394000
2021,Январь,разработчик,middle,офис,['1С'],Москва,150000
2021,Январь,руководитель,manager,офис,"['1С', 'УПП', 'ЗУП', 'УТ']",Москва,250000
2021,Январь,аналитик,middle,офис,"['1С', 'ERP']",Мир,192000
2021,Январь,программист,middle,удаленно,"['1С', 'ЗУП', 'БП']",Тула,85000
2021,Январь,программист,middle,удаленно,"['1С', 'ERP', 'УПП', 'БП', 'УТ']",Мир,138000
2021,Январь,аналитик,middle,удаленно,"['1С', 'ERP', 'УТ']",Москва,140000
2021,Январь,администратор,middle,гибкий,"['1С', 'ЗУП', 'БП']",Москва,105000
2021,Январь,разработчик,middle,удаленно,"['1С', 'SQL', 'СКД']",Краснодар,115000
2021,Январь,программист,middle,удаленно,"['1С', 'ERP']",Мир,100000
2021,Январь,специалист,middle,офис,['1С'],Мир,130000
2021,Январь,программист,lead,офис,"['1С', 'XML', 'JSON']",Москва,155000
2021,Январь,специалист,middle,удаленно,"['1С', 'СКД']",Москва,70000
2021,Январь,программист,middle,удаленно,['1С'],Москва,155000
2021,Январь,аналитик,middle,удаленно,"['1С', 'ЗУП', 'БП', 'УТ']",Россия,88000
2021,Январь,разработчик,junior,удаленно,"['1С', 'SQL', 'Java']",Мир,175000
2021,Январь,аналитик,lead,удаленно,['1С'],Москва,122000
2021,Январь,программист,middle,офис,"['1С', 'XML', 'JSON']",Екатеринбург,100000
2021,Январь,разработчик,middle,удаленно,"['1С', 'СКД', 'XML']",Москва,135000
2020,Декабрь,аналитик,lead,удаленно,"['1С', 'ERP']",Москва,149000
2020,Декабрь,консультант,lead,офис,"['1С', 'УТ']",Москва,110000
2020,Декабрь,разработчик,middle,удаленно,"['1С', 'SQL', 'БП', 'УТ', 'СКД']",Норильск,150000
2020,Декабрь,эксперт,middle,офис,"['1С', 'ERP']",Москва,250000
2020,Декабрь,аналитик,lead,удаленно,"['1С', 'ERP']",Мир,175000
2020,Декабрь,программист,middle,удаленно,"['1С', 'ERP', 'БП']",Самара,105000
2020,Декабрь,специалист,middle,офис,"['1С', 'SOAP']",Москва,158000
2020,Декабрь,инженер,middle,офис,['1С'],Москва,175000
2020,Декабрь,программист,lead,удаленно,"['1С', 'СКД']",Москва,131000
2020,Декабрь,разработчик,middle,офис,"['1С', 'JavaScript', 'Azure', 'ERP', 'REST API']",Воронеж,110000
2020,Декабрь,программист,middle,удаленно,"['1С', 'УТ']",Мир,114000
2020,Декабрь,разработчик,middle,удаленно,['1С'],Мир,110000
2020,Декабрь,программист,middle,удаленно,"['1С', 'ERP', 'УПП', 'УТ']",Москва,175000
2020,Декабрь,программист,middle,удаленно,"['1С', 'ЗУП', 'БП', 'УТ']",Томск,50000
2020,Декабрь,программист,middle,офис,"['1С', 'ERP', 'УТ']",Москва,175000
2020,Декабрь,программист,lead,офис,"['1С', 'ERP', 'СКД']",Ростов,765000
2020,Декабрь,программист,middle,удаленно,['1С'],Новосибирск,100000
2020,Ноябрь,программист,middle,офис,"['1С', 'УПП', 'ЗУП', 'БП', 'XML']",Москва,158000
2020,Ноябрь,специалист,middle,офис,"['1С', 'ERP', 'УПП']",Москва,114000
2020,Ноябрь,консультант,lead,офис,"['1С', 'ERP']",Москва,145000
2020,Ноябрь,программист,lead,удаленно,"['1С', 'ЗУП', 'БП']",Москва,162000
2020,Ноябрь,программист,middle,офис,"['1С', 'УПП']",Мытищи,149000
2020,Ноябрь,программист,lead,удаленно,['1С'],Москва,155000
2020,Ноябрь,программист,middle,удаленно,"['1С', 'ERP', 'СКД']",Москва,125000
2020,Ноябрь,руководитель,manager,офис,"['1С', 'ERP']",Москва,150000
2020,Ноябрь,консультант,lead,офис,"['1С', 'ERP']",Москва,160000
2020,Ноябрь,программист,middle,гибкий,"['1С', 'УТ', 'XML', 'JSON']",Москва,505000
2020,Ноябрь,программист,middle,удаленно,"['1С', 'УТ']",Мир,114000
2020,Ноябрь,разработчик,middle,офис,['БП'],Мир,100000
2020,Ноябрь,специалист,middle,офис,"['1С', 'ERP', 'ЗУП', 'БП', 'УТ', 'СКД']",Москва,190000
2020,Ноябрь,программист,lead,удаленно,"['1С', 'ERP', 'УТ']",Краснодар,145000
2020,Ноябрь,программист,lead,офис,"['1С', 'JavaScript', 'HTML', 'CSS', 'ЗУП', 'УТ', 'SOAP']",Москва,145000
2020,Ноябрь,программист,lead,удаленно,"['1С', 'ERP', 'ЗУП']",Казань,95000
2020,Ноябрь,руководитель,manager,гибкий,['1С'],Мир,16000
2020,Ноябрь,программист,manager,офис,"['1С', 'ERP', 'СКД']",Тюмень,66000
2020,Октябрь,программист,middle,удаленно,"['1С', 'СКД']",Москва,158000
2020,Октябрь,программист,middle,гибкий,"['1С', 'Python', 'SOAP']",Нижний Новгород,105000
2020,Октябрь,программист,manager,офис,"['1С', 'Java', 'JavaScript', 'Node.js', 'ERP']",Мир,162000
2020,Октябрь,аналитик,manager,офис,"['1С', 'ERP']",Москва,160000
2020,Октябрь,программист,middle,гибкий,"['1С', 'SQL', 'ЗУП', 'XML', 'SOAP']",Московский,130000
2020,Октябрь,программист,middle,офис,"['1С', 'SQL', 'СКД']",Казань,375000
2020,Октябрь,аналитик,middle,удаленно,['1С'],Благовещенск,131000
2020,Октябрь,программист,senior,удаленно,"['1С', 'УТ']",Калининград,80000
2020,Октябрь,программист,manager,офис,['1С'],Екатеринбург,90000
2020,Октябрь,программист,middle,удаленно,"['1С', 'ЗУП', 'УТ']",Мир,122000
2020,Октябрь,программист,middle,офис,"['1С', 'ERP']",Москва,250000
2020,Октябрь,аналитик,lead,офис,['1С'],Москва,165000
2020,Октябрь,программист,manager,офис,['1С'],Мир,219000
2020,Октябрь,программист,manager,удаленно,"['1С', 'ERP', 'УПП', 'ЗУП', 'УТ']",Москва,140000
2020,Октябрь,аналитик,middle,офис,"['1С', 'ERP', 'УТ']",Россия,125000
2020,Октябрь,программист,middle,удаленно,"['1С', 'ERP', 'УПП', 'УТ']",Липецк,65000
2020,Октябрь,программист,middle,офис,['1С'],Москва,150000
2020,Октябрь,программист,junior,удаленно,['1С'],Санкт-Петербург,62000
2020,Октябрь,программист,middle,офис,"['1С', 'ERP', 'УТ']",Краснодар,125000
2020,Октябрь,программист,middle,офис,"['1С', 'ЗУП']",Москва,150000
2020,Сентябрь,аналитик,middle,удаленно,"['1С', 'ERP', 'ЗУП', 'БП']",Казань,127000
2020,Сентябрь,программист,manager,офис,"['1С', 'ERP']",Казань,175000
2020,Сентябрь,программист,lead,удаленно,"['1С', 'ERP', 'УПП', 'УТ', 'СКД']",Екатеринбург,115000
2020,Сентябрь,программист,lead,офис,"['1С', 'SQL']",Москва,195000
2020,Сентябрь,разработчик,middle,гибкий,"['1С', 'СКД']",Мир,130000
2020,Сентябрь,программист,middle,офис,"['1С', 'ЗУП']",Мир,120000
2020,Сентябрь,консультант,lead,удаленно,['1С'],Москва,790000
2020,Сентябрь,консультант,manager,офис,"['1С', 'ERP']",Россия,162000
2020,Сентябрь,программист,middle,офис,['1С'],Московский,125000
2020,Сентябрь,программист,middle,офис,"['1С', 'ADODB']",Новосибирск,88000
2020,Сентябрь,архитектор,middle,офис,"['1С', 'ERP']",Россия,188000
2020,Сентябрь,разработчик,lead,удаленно,"['1С', 'СКД']",Краснодар,150000
2020,Сентябрь,программист,middle,офис,"['1С', 'ERP', 'УПП']",Подольск,175000
2020,Сентябрь,программист,middle,офис,['1С'],Москва,150000
2020,Сентябрь,специалист,middle,офис,['1С'],Москва,140000
2020,Сентябрь,разработчик,middle,офис,"['1С', 'ЗУП']",Москва,125000
2020,Август,программист,middle,удаленно,"['1С', 'ЗУП', 'БП']",Москва,175000
2020,Август,архитектор,middle,гибкий,"['1С', 'ERP']",Москва,201000
2020,Август,разработчик,middle,офис,"['1С', 'ERP', 'УТ', 'СКД']",Москва,125000
2020,Август,программист,middle,удаленно,"['1С', 'ERP', 'УПП']",Москва,460000
2020,Август,консультант,manager,офис,"['1С', 'УПП', 'ЗУП', 'БП']",Москва,90000
2020,Август,разработчик,middle,офис,"['1С', 'SQL', 'ERP', 'ЗУП']",Москва,125000
2020,Август,специалист,middle,удаленно,"['1С', 'ERP', 'УТ']",Москва,114000
2020,Август,аналитик,middle,удаленно,"['1С', 'SQL']",Свободный,150000
2020,Август,специалист,middle,удаленно,"['1С', 'ERP', 'УПП', 'УТ']",Мир,39000
2020,Август,консультант,middle,офис,"['1С', 'ERP', 'ЗУП', 'БП']",Москва,105000
2020,Июль,программист,middle,офис,"['1С', 'SQL', 'XML']",Новосибирск,105000
2020,Июль,программист,middle,удаленно,['1С'],Мир,120000
2020,Июль,руководитель,manager,офис,['1С'],Пермь,219000
2020,Июль,программист,middle,офис,['1С'],Москва,140000
2020,Июль,разработчик,middle,гибкий,"['1С', 'SQL', 'Python', 'ЗУП']",Екатеринбург,122000
2020,Июль,программист,middle,офис,"['1С', 'ERP', 'ЗУП', 'БП', 'СКД']",Пермь,88000
2020,Июль,программист,middle,офис,"['1С', 'ERP']",Россия,125000
2020,Июль,аналитик,middle,офис,"['1С', 'ERP', 'УПП', 'УТ', 'СКД']",Россия,114000
2020,Июнь,методолог,middle,гибкий,['1С'],Новосибирск,79000
2020,Июнь,разработчик,lead,офис,"['1С', 'ЗУП', 'УТ']",Москва,135000
2020,Июнь,инженер,manager,офис,"['1С', 'SQL', 'Angular']",Мир,160000
2020,Июнь,консультант,middle,офис,"['1С', 'ERP']",Россия,806000
2020,Май,аналитик,middle,офис,"['1С', 'ERP']",Мир,125000
2020,Май,программист,middle,офис,"['1С', 'ЗУП', 'СКД']",Нижний Новгород,105000
2020,Апрель,программист,middle,офис,"['1С', 'SQL']",Москва,131000
2020,Апрель,консультант,middle,удаленно,"['1С', 'ERP', 'УПП']",Россия,125000
2020,Апрель,аналитик,lead,удаленно,['1С'],Москва,185000
2020,Март,программист,lead,удаленно,"['1С', 'ERP', 'ЗУП', 'БП', 'УТ']",Мир,145000
2020,Март,аналитик,middle,офис,['1С'],Москва,190000
2020,Март,программист,middle,офис,['1С'],Москва,175000
2020,Март,программист,middle,офис,"['1С', 'SQL', 'JavaScript', 'HTML', 'CSS']",Москва,160000
2020,Март,разработчик,middle,офис,['1С'],Московский,150000
2020,Март,разработчик,middle,офис,"['1С', 'УТ', 'СКД']",Москва,101000
2020,Март,аналитик,middle,офис,['1С'],Московский,125000
2020,Март,разработчик,middle,удаленно,"['1С', 'JavaScript', 'HTML', 'CSS', 'Node.js', 'ERP']",Москва,125000
2020,Март,архитектор,middle,удаленно,"['1С', 'JavaScript', 'ERP']",Москва,25000
2020,Март,программист,middle,офис,"['1С', 'ADODB']",Новосибирск,90000
2020,Март,консультант,middle,офис,"['1С', 'ERP']",Нижний Новгород,105000
2020,Март,архитектор,lead,офис,['1С'],Москва,306000
2020,Февраль,программист,middle,офис,"['1С', 'УПП']",Москва,130000
2020,Февраль,аналитик,middle,офис,"['1С', 'ERP', 'УТ']",Москва,131000
2020,Февраль,программист,middle,офис,['1С'],Россия,250000
2020,Февраль,программист,middle,офис,"['1С', 'ERP']",Москва,150000
2020,Февраль,специалист,middle,удаленно,"['1С', 'ERP']",Москва,114000
2020,Февраль,программист,middle,офис,['1С'],Новосибирск,90000
2020,Февраль,программист,middle,офис,"['1С', 'ERP', 'ЗУП', 'СКД', 'XML']",Россия,813000
2020,Февраль,аналитик,middle,офис,"['1С', 'ERP', 'УПП']",Москва,145000
2020,Февраль,программист,middle,офис,['1С'],Москва,140000
2020,Февраль,программист,middle,офис,"['1С', 'ERP']",Россия,15000
2020,Февраль,программист,lead,офис,['1С'],Тула,34000
2020,Февраль,программист,middle,офис,"['1С', 'ERP', 'УТ']",Химки,145000
2020,Февраль,руководитель,manager,офис,"['1С', 'УПП', 'УТ']",Москва,188000
2020,Январь,программист,manager,офис,"['1С', 'УТ']",Нижний Новгород,61000
2020,Январь,программист,middle,офис,"['1С', 'ERP', 'УПП', 'СКД', 'XML']",Москва,135000
2020,Январь,программист,lead,офис,"['1С', 'ЗУП', 'СКД']",Нижний Новгород,144000
2020,Январь,программист,middle,офис,"['1С', 'УПП', 'ЗУП', 'УТ']",Казань,120000
2020,Январь,программист,middle,офис,"['1С', 'СКД']",Иркутск,62000
2020,Январь,программист,middle,офис,"['1С', 'ERP', 'ЗУП', 'УТ', 'СКД']",Москва,16000
2020,Январь,программист,lead,офис,"['1С', 'СКД']",Москва,212000
2019,Декабрь,программист,middle,гибкий,"['1С', 'SQL', 'ЗУП']",Благодарный,122000
2019,Декабрь,разработчик,middle,удаленно,"['1С', 'ERP']",Тюмень,499000
2019,Декабрь,руководитель,manager,офис,['1С'],Москва,250000
2019,Декабрь,программист,manager,удаленно,['1С'],Мир,844000
2019,Декабрь,консультант,senior,офис,"['1С', 'ERP']",Россия,120000
2019,Декабрь,менеджер,lead,гибкий,"['1С', 'SQL']",Москва,122000
2019,Ноябрь,разработчик,middle,офис,"['1С', 'ERP']",Солнечногорск,168000
2019,Октябрь,разработчик,lead,офис,['1С'],Тюмень,499000
2019,Октябрь,программист,lead,удаленно,"['1С', 'ЗУП']",Москва,265000
2019,Октябрь,разработчик,lead,офис,['1С'],Санкт-Петербург,105000
2019,Октябрь,программист,lead,офис,"['1С', 'ЗУП']",Москва,165000
2019,Сентябрь,программист,manager,офис,"['1С', 'SQL', 'ERP']",Лесной,79000
2019,Сентябрь,программист,manager,офис,"['1С', 'ЗУП', 'SOAP']",Старый Оскол,179000
2019,Сентябрь,программист,lead,офис,"['1С', 'SQL', 'ERP', 'ЗУП']",Москва,125000
2019,Август,разработчик,middle,офис,['1С'],Мир,12000
2019,Август,программист,middle,офис,"['1С', 'ЗУП', 'БП', 'СКД', 'XML', 'JSON']",Россия,125000
2019,Август,программист,middle,офис,"['1С', 'ERP', 'JSON']",Москва,375000
2019,Август,программист,middle,офис,"['1С', 'ERP', 'УПП', 'ЗУП', 'БП']",Москва,140000
2019,Август,аналитик,middle,офис,"['1С', 'ERP', 'УПП']",Мир,110000
2019,Август,программист,middle,офис,"['1С', 'УТ']",Москва,170000
2019,Август,аналитик,middle,офис,"['1С', 'БП']",Россия,188000
2019,Август,программист,middle,офис,"['1С', 'ЗУП']",Россия,9000
2019,Июль,программист,middle,гибкий,"['1С', 'JavaScript', 'ERP']",Санкт-Петербург,175000
2019,Июль,программист,junior,офис,"['1С', 'ЗУП', 'БП']",Санкт-Петербург,114000
2019,Июль,аналитик,middle,офис,"['1С', 'ERP']",Москва,434000
2019,Июль,аналитик,middle,офис,['1С'],Москва,172000
2019,Май,программист,manager,офис,"['1С', 'ERP', 'ЗУП', 'БП']",Россия,150000
2019,Май,аналитик,middle,офис,"['1С', 'ERP', 'УПП']",Московский,188000
2019,Май,программист,middle,офис,"['1С', 'SQL', 'ЗУП', 'УТ']",Москва,63000
2019,Май,программист,middle,офис,"['1С', 'ERP', 'БП', 'УТ']",Мир,262000
2019,Апрель,аналитик,middle,офис,"['1С', 'ERP']",Владимир,100000
2019,Апрель,программист,middle,офис,"['1С', 'ERP']",Москва,175000
2019,Март,программист,middle,офис,"['1С', 'ERP', 'ЗУП', 'УТ', 'СКД']",Мир,105000
2019,Март,программист,middle,офис,['1С'],Мир,110000
2019,Март,программист,middle,офис,['1С'],Россия,793000
2019,Февраль,разработчик,middle,удаленно,"['1С', 'ERP']",Воронеж,140000
2019,Февраль,разработчик,lead,офис,"['1С', 'XML']",Москва,131000
2019,Январь,разработчик,middle,офис,"['1С', 'СКД']",Россия,18000
2019,Январь,разработчик,middle,офис,['1С'],Санкт-Петербург,44000
2018,Ноябрь,программист,middle,гибкий,['1С'],Россия,125000
2018,Август,архитектор,middle,офис,"['1С', 'ERP']",Россия,250000
2018,Июль,программист,middle,офис,"['1С', 'ERP']",Москва,149000
2018,Июнь,разработчик,lead,удаленно,['1С'],Екатеринбург,11000
2018,Май,программист,lead,офис,['1С'],Санкт-Петербург,125000
2018,Март,разработчик,middle,офис,['1С'],Москва,150000
2018,Март,аналитик,middle,офис,"['1С', 'ERP', 'ЗУП', 'УТ']",Мир,88000
