Unnamed: 0,–ù–∞–∑–≤–∞–Ω–∏–µ –¥–æ–ª–∂–Ω–æ—Å—Ç–∏,–£—Ä–æ–≤–µ–Ω—å –ø–æ–∑–∏—Ü–∏–∏,–§–æ—Ä–º–∞—Ç —Ä–∞–±–æ—Ç—ã,–ö–ª—é—á–µ–≤—ã–µ –Ω–∞–≤—ã–∫–∏,–ì–æ—Ä–æ–¥,–ó–∞—Ä–ø–ª–∞—Ç–∞
0,—Ä–∞–∑—Ä–∞–±–æ—Ç—á–∏–∫,middle,—É–¥–∞–ª–µ–Ω–Ω–æ,"['1–°', 'ERP']",–ú–æ—Å–∫–≤–∞,200000
1,aqa –∏–Ω–∂–µ–Ω–µ—Ä,middle,–≥–∏–±—Ä–∏–¥,"['1–°', 'Python', 'JavaScript']",–†–æ—Å—Å–∏—è,247500
2,–≤–µ–¥—É—â–µ–≥–æ –ø—Ä–æ–≥—Ä–∞–º–º–∏—Å—Ç–∞ 1—Å,lead,–æ—Ñ–∏—Å,"['1–°', '–£–ü–ü']",–ö—Ä–∞—Å–Ω–æ–¥–∞—Ä,190000
3,–ø—Ä–æ–≥—Ä–∞–º–º–∏—Å—Ç 1—Å,middle,–≥–∏–±—Ä–∏–¥,"['1–°', 'SQL', '–ó–£–ü', '–£–¢', '–°–ö–î', 'XML']",–†–æ—Å—Å–∏—è,312500
4,—Ä–∞–∑—Ä–∞–±–æ—Ç—á–∏–∫,middle,—É–¥–∞–ª–µ–Ω–Ω–æ,"['1–°', 'SOAP']",–ú–∏—Ä,285000
5,–ø—Ä–æ–≥—Ä–∞–º–º–∏—Å—Ç,middle,–æ—Ñ–∏—Å,['1–°'],–ú–æ—Å–∫–≤–∞,225000
6,–ø—Ä–æ–≥—Ä–∞–º–º–∏—Å—Ç,middle,—É–¥–∞–ª–µ–Ω–Ω–æ,"['1–°', 'ERP']",–ú–∏—Ä,240000
7,1c –∞–Ω–∞–ª–∏—Ç–∏–∫,middle,–æ—Ñ–∏—Å,"['1–°', 'ERP', '–£–¢']",–ú–æ—Å–∫–≤–∞,285000
8,–∞–Ω–∞–ª–∏—Ç–∏–∫,middle,–æ—Ñ–∏—Å,"['1–°', 'ERP']",–ú–∏—Ä,250000
9,–º–µ–Ω–µ–¥–∂–µ—Ä,middle,–≥–∏–±–∫–∏–π,['1–°'],–ú–∏—Ä,225000
10,–ø—Ä–æ–≥—Ä–∞–º–º–∏—Å—Ç 1—Å,manager,—É–¥–∞–ª–µ–Ω–Ω–æ,"['1–°', 'ERP', '–£–ü–ü', '–£–¢']",–ú–∏—Ä,325000
11,–ø—Ä–æ–≥—Ä–∞–º–º–∏—Å—Ç,middle,–≥–∏–±—Ä–∏–¥,"['1–°', 'SQL', 'Python', '–ó–£–ü']",–°–∞–Ω–∫—Ç-–ü–µ—Ç–µ—Ä–±—É—Ä–≥,210000
12,–∞–Ω–∞–ª–∏—Ç–∏–∫,middle,—É–¥–∞–ª–µ–Ω–Ω–æ,"['1–°', 'ERP']",–ú–∏—Ä,280000
13,–∫–æ–Ω—Å—É–ª—å—Ç–∞–Ω—Ç-–∞–Ω–∞–ª–∏—Ç–∏–∫ 1—Å,middle,—É–¥–∞–ª–µ–Ω–Ω–æ,"['1–°', '–ó–£–ü', '–ë–ü', '–£–¢']",–ú–∏—Ä,125000
14,–ø—Ä–æ–≥—Ä–∞–º–º–∏—Å—Ç,middle,–≥–∏–±—Ä–∏–¥,"['1–°', 'ERP', '–ó–£–ü', '–ë–ü', '–°–ö–î']",–ù–∏–∂–Ω–∏–π –ù–æ–≤–≥–æ—Ä–æ–¥,225000
15,—Ä–∞–∑—Ä–∞–±–æ—Ç—á–∏–∫,middle,—É–¥–∞–ª–µ–Ω–Ω–æ,"['1–°', 'ERP']",–ú–∏—Ä,142500
16,–ø—Ä–æ–≥—Ä–∞–º–º–∏—Å—Ç,middle,—É–¥–∞–ª–µ–Ω–Ω–æ,"['1–°', '–ó–£–ü', '–ë–ü', '–°–ö–î', 'XML', 'JSON']",–ú–∏—Ä,325000
17,–ø—Ä–æ–≥—Ä–∞–º–º–∏—Å—Ç 1—Å,middle,–≥–∏–±–∫–∏–π,"['1–°', '–°–ö–î']",–ú–∏—Ä,162500
18,—Ä–∞–∑—Ä–∞–±–æ—Ç—á–∏–∫,middle,–≥–∏–±—Ä–∏–¥,"['1–°', 'ERP']",–†–æ—Å—Å–∏—è,300000
19,—Ä–∞–∑—Ä–∞–±–æ—Ç—á–∏–∫,middle,–≥–∏–±—Ä–∏–¥,"['1–°', '–ó–£–ü']",–†–æ—Å—Å–∏—è,250000
20,–ø—Ä–æ–≥—Ä–∞–º–º–∏—Å—Ç,middle,–æ—Ñ–∏—Å,"['1–°', 'SQL', '–ó–£–ü', '–°–ö–î', 'XML']",–ú–∏—Ä,250000
22,—Ä–∞–∑—Ä–∞–±–æ—Ç—á–∏–∫–∞ 1—Å,middle,–æ—Ñ–∏—Å,['1–°'],–ú–∏—Ä,300000
23,–∞–Ω–∞–ª–∏—Ç–∏–∫,senior,—É–¥–∞–ª–µ–Ω–Ω–æ,"['1–°', 'ERP']",–†–æ—Å—Å–∏—è,300000
25,–∞–Ω–∞–ª–∏—Ç–∏–∫,middle,–≥–∏–±—Ä–∏–¥,['1–°'],–†–æ—Å—Ç–æ–≤,250000
26,–ø—Ä–æ–≥—Ä–∞–º–º–∏—Å—Ç,middle,–≥–∏–±—Ä–∏–¥,"['1–°', 'ERP', '–ó–£–ü']",–ú–æ—Å–∫–≤–∞,300000
27,—Ä–∞–∑—Ä–∞–±–æ—Ç—á–∏–∫–∞ 1—Å:–±–Ω—Ñ–æ,senior,—É–¥–∞–ª–µ–Ω–Ω–æ,"['1–°', 'XML', 'JSON']",–ú–æ—Å–∫–≤–∞,350000
28,—Ä–∞–∑—Ä–∞–±–æ—Ç—á–∏–∫–∞ 1—Å erp,middle,–≥–∏–±—Ä–∏–¥,"['1–°', 'ERP', '–ó–£–ü', '–ë–ü']",–ö–∞–∑–∞–Ω—å,250000
29,—Ä–∞–∑—Ä–∞–±–æ—Ç—á–∏–∫,lead,–æ—Ñ–∏—Å,"['1–°', '–ó–£–ü']",–ú–æ—Å–∫–≤–∞,250000
30,–∞–Ω–∞–ª–∏—Ç–∏–∫,middle,—É–¥–∞–ª–µ–Ω–Ω–æ,"['1–°', 'SQL', 'ERP']",–ú–æ—Å–∫–≤–∞,300000
31,–ø—Ä–æ–≥—Ä–∞–º–º–∏—Å—Ç,lead,–æ—Ñ–∏—Å,"['1–°', '–ó–£–ü', '–°–ö–î']",–ú–æ—Å–∫–≤–∞,300000
32,–≤–µ–¥—É—â–µ–≥–æ —Ä–∞–∑—Ä–∞–±–æ—Ç—á–∏–∫–∞/–∞—Ä—Ö–∏—Ç–µ–∫—Ç–æ—Ä–∞ 1—Å,senior,–æ—Ñ–∏—Å,"['1–°', 'ERP', '–ó–£–ü']",–ü–µ—Ä–º—å,250000
33,–ø—Ä–æ–≥—Ä–∞–º–º–∏—Å—Ç–∞ 1—Å,middle,—É–¥–∞–ª–µ–Ω–Ω–æ,"['1–°', '–£–ü–ü', '–ë–ü', '–£–¢']",–ú–æ—Å–∫–≤–∞,205000
35,–ø—Ä–æ–≥—Ä–∞–º–º–∏—Å—Ç,lead,—É–¥–∞–ª–µ–Ω–Ω–æ,"['1–°', 'ERP', '–£–¢']",–ö—Ä–∞—Å–Ω–æ–¥–∞—Ä,337500
36,–∞–Ω–∞–ª–∏—Ç–∏–∫,middle,–≥–∏–±—Ä–∏–¥,"['1–°', 'ERP', '–£–¢']",–†–æ—Å—Å–∏—è,250000
38,–ø—Ä–æ–≥—Ä–∞–º–º–∏—Å—Ç,middle,–≥–∏–±—Ä–∏–¥,"['1–°', '–ó–£–ü', '–ë–ü', '–£–¢']",–†–æ—Å—Å–∏—è,262500
39,—Ñ—É–Ω–∫—Ü–∏–æ–Ω–∞–ª—å–Ω–æ–≥–æ –∞—Ä—Ö–∏—Ç–µ–∫—Ç–æ—Ä–∞ 1—Å:erp/ 1—Å:erp,lead,–æ—Ñ–∏—Å,"['1–°', 'ERP']",–ú–æ—Å–∫–≤–∞,437500
40,–≤–µ–¥—É—â–µ–≥–æ —Ä–∞–∑—Ä–∞–±–æ—Ç—á–∏–∫–∞ 1—Å,lead,—É–¥–∞–ª–µ–Ω–Ω–æ,"['1–°', 'ERP', '–ó–£–ü', '–ë–ü', '–£–¢', '–°–ö–î']",–†–æ—Å—Å–∏—è,350000
41,–∫–æ–Ω—Å—É–ª—å—Ç–∞–Ω—Ç,middle,—É–¥–∞–ª–µ–Ω–Ω–æ,"['1–°', 'ERP']",–†–æ—Å—Å–∏—è,275000
42,–ø—Ä–æ–≥—Ä–∞–º–º–∏—Å—Ç,middle,—É–¥–∞–ª–µ–Ω–Ω–æ,"['1–°', 'ERP']",–ù–∏–∂–Ω–∏–π –ù–æ–≤–≥–æ—Ä–æ–¥,260500
43,—Ñ—É–Ω–∫—Ü–∏–æ–Ω–∞–ª—å–Ω–æ–≥–æ –∞—Ä—Ö–∏—Ç–µ–∫—Ç–æ—Ä–∞ 1—Å,lead,—É–¥–∞–ª–µ–Ω–Ω–æ,"['1–°', 'ERP']",–†–æ—Å—Å–∏—è,487500
44,–∫–æ–Ω—Å—É–ª—å—Ç–∞–Ω—Ç –ø–æ –±—é–¥–∂–µ—Ç–∏—Ä–æ–≤–∞–Ω–∏—é,middle,—É–¥–∞–ª–µ–Ω–Ω–æ,"['1–°', 'ERP']",–†–æ—Å—Å–∏—è,260000
45,–∞–Ω–∞–ª–∏—Ç–∏–∫,lead,—É–¥–∞–ª–µ–Ω–Ω–æ,"['1–°', 'ERP', '–£–ü–ü', '–ó–£–ü']",–†–æ—Å—Å–∏—è,245000
46,–∫–æ–Ω—Å—É–ª—å—Ç–∞–Ω—Ç,middle,—É–¥–∞–ª–µ–Ω–Ω–æ,"['1–°', 'ERP', '–£–ü–ü', '–ë–ü']",–†–æ—Å—Å–∏—è,280000
47,–∞–Ω–∞–ª–∏—Ç–∏–∫–æ–≤ 1—Å,middle,—É–¥–∞–ª–µ–Ω–Ω–æ,"['1–°', 'ERP']",–†–æ—Å—Å–∏—è,262500
48,–∞–Ω–∞–ª–∏—Ç–∏–∫,middle,–≥–∏–±—Ä–∏–¥,"['1–°', '–ó–£–ü', '–ë–ü', '–£–¢']",–ú–æ—Å–∫–≤–∞,375000
49,—Ä–∞–∑—Ä–∞–±–æ—Ç—á–∏–∫ 1—Å,middle,–≥–∏–±—Ä–∏–¥,"['1–°', '–ó–£–ü', '–ë–ü', '–£–¢']",–ú–æ—Å–∫–æ–≤—Å–∫–∏–π,232500
50,—Ä—É–∫–æ–≤–æ–¥–∏—Ç–µ–ª—å —Å–ª—É–∂–±—ã —Ç–µ—Ö–Ω–∏—á–µ—Å–∫–æ–π –ø–æ–¥–¥–µ—Ä–∂–∫–∏ 1—Å,manager,–≥–∏–±—Ä–∏–¥,"['1–°', '–ó–£–ü']",–ú–æ—Å–∫–≤–∞,306250
51,–º–µ–Ω–µ–¥–∂–µ—Ä–∞ –ø–æ –ø—Ä–æ–¥–∞–∂–∞–º –ø—Ä–æ–µ–∫—Ç–æ–≤ 1—Å (b2b),middle,–≥–∏–±–∫–∏–π,"['1–°', 'ERP']",–†–æ—Å—Å–∏—è,187500
52,–ø—Ä–æ–≥—Ä–∞–º–º–∏—Å—Ç–∞ 1—Å,middle,–≥–∏–±—Ä–∏–¥,"['1–°', '–£–ü–ü', '–ó–£–ü', '–ë–ü', '–£–¢']",–†–æ—Å—Å–∏—è,262500
53,–ø—Ä–æ–≥—Ä–∞–º–º–∏—Å—Ç 1—Å (–≤ –æ—Ñ–∏—Å),middle,–æ—Ñ–∏—Å,"['1–°', 'SQL', '–ó–£–ü', '–ë–ü']",–•–∏–º–∫–∏,375000
54,–ø—Ä–æ–≥—Ä–∞–º–º–∏—Å—Ç 1—Å,middle,–≥–∏–±—Ä–∏–¥,"['1–°', 'SQL', '–°–ö–î', 'SOAP']",–°–∞–Ω–∫—Ç-–ü–µ—Ç–µ—Ä–±—É—Ä–≥,225000
55,–∫–∞–Ω–¥–∏–¥–∞—Ç–∞ –Ω–∞ –ø–æ–∑–∏—Ü–∏—é: –∫–æ–Ω—Å—É–ª—å—Ç–∞–Ω—Ç 1—Å/–∞–Ω–∞–ª–∏—Ç–∏–∫ 1—Å,manager,–æ—Ñ–∏—Å,"['1–°', '–ó–£–ü', '–£–¢']",–ï–∫–∞—Ç–µ—Ä–∏–Ω–±—É—Ä–≥,98000
57,–∫–æ–Ω—Å—É–ª—å—Ç–∞–Ω—Ç,middle,—É–¥–∞–ª–µ–Ω–Ω–æ,"['1–°', '–ë–ü']",–†–æ—Å—Å–∏—è,280000
58,–ø—Ä–æ–≥—Ä–∞–º–º–∏—Å—Ç,middle,–æ—Ñ–∏—Å,"['1–°', '–£–¢']",–ö—Ä–∞—Å–Ω–æ–¥–∞—Ä,156250
59,–ø—Ä–æ–≥—Ä–∞–º–º–∏—Å—Ç 1—Å,middle,—É–¥–∞–ª–µ–Ω–Ω–æ,"['1–°', 'ERP', '–ó–£–ü', '–ë–ü', '–°–ö–î']",–†–æ—Å—Å–∏—è,275000
60,–Ω–∞—á–∏–Ω–∞—é—â–µ–≥–æ —Ä–∞–∑—Ä–∞–±–æ—Ç—á–∏–∫–∞ 1—Å,junior,–æ—Ñ–∏—Å,"['1–°', '–°–ö–î', 'XML', 'JSON']",–†–æ—Å—Å–∏—è,125000
61,–ø—Ä–æ–≥—Ä–∞–º–º–∏—Å—Ç 1—Å,middle,–æ—Ñ–∏—Å,"['1–°', '–°–ö–î', 'XML', 'JSON']",–†–æ—Å—Å–∏—è,200000
62,–∫–æ–Ω—Ñ–∏–≥—É—Ä–∞—Ü–∏–∏ 1—Å,middle,—É–¥–∞–ª–µ–Ω–Ω–æ,"['1–°', 'ERP', '–ó–£–ü', '–ë–ü']",–ú–∏—Ä,200000
63,–≤ –Ω–∞—à—É –¥—Ä—É–∂–Ω—É—é –∫–æ–º–∞–Ω–¥—É: –∫–æ–Ω—Å—É–ª—å—Ç–∞–Ω—Ç–∞ –ø–æ —É–Ω—Ñ (—É—Ä–æ–≤–µ–Ω—å middle)üí™üèª,middle,—É–¥–∞–ª–µ–Ω–Ω–æ,"['1–°', '–£–¢']",–ú–∏—Ä,125000
65,–∞–Ω–∞–ª–∏—Ç–∏–∫ 1—Å,middle,–≥–∏–±—Ä–∏–¥,"['1–°', '–°–ö–î']",–°–æ—á–∏,225000
66,—Ä–∞–∑—Ä–∞–±–æ—Ç—á–∏–∫ 1—Å: crm,middle,—É–¥–∞–ª–µ–Ω–Ω–æ,"['1–°', '–°–ö–î', 'XML', 'JSON', 'SOAP']",–†–æ—Å—Å–∏—è,262500
67,—Ä–∞–∑—Ä–∞–±–æ—Ç—á–∏–∫,middle,–≥–∏–±—Ä–∏–¥,"['1–°', 'SQL', '–°–ö–î', 'XML', 'JSON', 'SOAP']",–ú–æ—Å–∫–æ–≤—Å–∫–∏–π,389375
68,—Å–∏—Å—Ç–µ–º–Ω–æ–≥–æ –∞–Ω–∞–ª–∏—Ç–∏–∫–∞ 1—Å,junior,–≥–∏–±–∫–∏–π,['1–°'],–†–æ—Å—Å–∏—è,140000
69,–∫–æ–Ω—Å—É–ª—å—Ç–∞–Ω—Ç 1—Å,middle,—É–¥–∞–ª–µ–Ω–Ω–æ,"['1–°', '–£–¢']",–ú–∏—Ä,125000
70,—Ä–∞–∑—Ä–∞–±–æ—Ç—á–∏–∫,middle,—É–¥–∞–ª–µ–Ω–Ω–æ,"['1–°', '–ó–£–ü']",–†–æ—Å—Å–∏—è,262500
71,—Ä—É–∫–æ–≤–æ–¥–∏—Ç–µ–ª—è –æ—Ç–¥–µ–ª–∞ —Ä–∞–∑—Ä–∞–±–æ—Ç–∫–∏ –∏ —Å–æ–ø—Ä–æ–≤–æ–∂–¥–µ–Ω–∏—è 1—Å,lead,–≥–∏–±—Ä–∏–¥,"['1–°', 'ERP', '–ë–ü', '–£–¢']",–ú–æ—Å–∫–≤–∞,475000
72,–∞–Ω–∞–ª–∏—Ç–∏–∫,middle,–≥–∏–±–∫–∏–π,"['1–°', 'ERP']",–ú–∏—Ä,200000
73,—É–≤–µ—Ä–µ–Ω–Ω–æ–≥–æ –∞–Ω–∞–ª–∏—Ç–∏–∫–∞ 1—Å,lead,—É–¥–∞–ª–µ–Ω–Ω–æ,"['1–°', '–£–ü–ü']",–†–æ—Å—Å–∏—è,187500
74,–∞–Ω–∞–ª–∏—Ç–∏–∫ 1—Å,middle,–≥–∏–±—Ä–∏–¥,"['1–°', 'ERP']",–î—É–±–Ω–∞,212500
76,—Ä–∞–∑—Ä–∞–±–æ—Ç—á–∏–∫,senior,–≥–∏–±—Ä–∏–¥,"['1–°', '–ó–£–ü']",–ú–æ—Å–∫–≤–∞,275000
